id,name,email,phone,address,city,state,zip,since,status,tier,annual_revenue,last_contact,notes
CLT-0001,Client Name 1,client1@example.com,555-0001,1 Main St,Cityville,ST,10001,2022-02-02,active,growth,51000,2026-02-02,Notes for client 1
CLT-0002,Client Name 2,client2@example.com,555-0002,2 Main St,Cityville,ST,10002,2023-03-03,active,scale,52000,2026-03-03,Notes for client 2
CLT-0003,Client Name 3,client3@example.com,555-0003,3 Main St,Cityville,ST,10003,2024-04-04,active,enterprise,53000,2026-04-04,Notes for client 3
CLT-0004,Client Name 4,client4@example.com,555-0004,4 Main St,Cityville,ST,10004,2025-05-05,active,starter,54000,2026-05-05,Notes for client 4
CLT-0005,Client Name 5,client5@example.com,555-0005,5 Main St,Cityville,ST,10005,2021-06-06,active,growth,55000,2026-06-06,Notes for client 5
CLT-0006,Client Name 6,client6@example.com,555-0006,6 Main St,Cityville,ST,10006,2022-07-07,active,scale,56000,2026-07-07,Notes for client 6
CLT-0007,Client Name 7,client7@example.com,555-0007,7 Main St,Cityville,ST,10007,2023-08-08,active,enterprise,57000,2026-08-08,Notes for client 7
CLT-0008,Client Name 8,client8@example.com,555-0008,8 Main St,Cityville,ST,10008,2024-09-09,active,starter,58000,2026-09-09,Notes for client 8
CLT-0009,Client Name 9,client9@example.com,555-0009,9 Main St,Cityville,ST,10009,2025-01-10,active,growth,59000,2026-01-10,Notes for client 9
CLT-0010,Client Name 10,client10@example.com,555-0010,10 Main St,Cityville,ST,10010,2021-02-11,active,scale,60000,2026-02-11,Notes for client 10
CLT-0011,Client Name 11,client11@example.com,555-0011,11 Main St,Cityville,ST,10011,2022-03-12,active,enterprise,61000,2026-03-12,Notes for client 11
CLT-0012,Client Name 12,client12@example.com,555-0012,12 Main St,Cityville,ST,10012,2023-04-13,active,starter,62000,2026-04-13,Notes for client 12
CLT-0013,Client Name 13,client13@example.com,555-0013,13 Main St,Cityville,ST,10013,2024-05-14,active,growth,63000,2026-05-14,Notes for client 13
CLT-0014,Client Name 14,client14@example.com,555-0014,14 Main St,Cityville,ST,10014,2025-06-15,active,scale,64000,2026-06-15,Notes for client 14
CLT-0015,Client Name 15,client15@example.com,555-0015,15 Main St,Cityville,ST,10015,2021-07-16,active,enterprise,65000,2026-07-16,Notes for client 15
CLT-0016,Client Name 16,client16@example.com,555-0016,16 Main St,Cityville,ST,10016,2022-08-17,active,starter,66000,2026-08-17,Notes for client 16
CLT-0017,Client Name 17,client17@example.com,555-0017,17 Main St,Cityville,ST,10017,2023-09-18,active,growth,67000,2026-09-18,Notes for client 17
CLT-0018,Client Name 18,client18@example.com,555-0018,18 Main St,Cityville,ST,10018,2024-01-19,active,scale,68000,2026-01-19,Notes for client 18
CLT-0019,Client Name 19,client19@example.com,555-0019,19 Main St,Cityville,ST,10019,2025-02-20,active,enterprise,69000,2026-02-20,Notes for client 19
CLT-0020,Client Name 20,client20@example.com,555-0020,20 Main St,Cityville,ST,10020,2021-03-21,active,starter,70000,2026-03-21,Notes for client 20
CLT-0021,Client Name 21,client21@example.com,555-0021,21 Main St,Cityville,ST,10021,2022-04-22,active,growth,71000,2026-04-22,Notes for client 21
CLT-0022,Client Name 22,client22@example.com,555-0022,22 Main St,Cityville,ST,10022,2023-05-23,active,scale,72000,2026-05-23,Notes for client 22
CLT-0023,Client Name 23,client23@example.com,555-0023,23 Main St,Cityville,ST,10023,2024-06-24,active,enterprise,73000,2026-06-24,Notes for client 23
CLT-0024,Client Name 24,client24@example.com,555-0024,24 Main St,Cityville,ST,10024,2025-07-25,active,starter,74000,2026-07-25,Notes for client 24
CLT-0025,Client Name 25,client25@example.com,555-0025,25 Main St,Cityville,ST,10025,2021-08-26,active,growth,75000,2026-08-26,Notes for client 25
CLT-0026,Client Name 26,client26@example.com,555-0026,26 Main St,Cityville,ST,10026,2022-09-27,active,scale,76000,2026-09-27,Notes for client 26
CLT-0027,Client Name 27,client27@example.com,555-0027,27 Main St,Cityville,ST,10027,2023-01-28,active,enterprise,77000,2026-01-28,Notes for client 27
CLT-0028,Client Name 28,client28@example.com,555-0028,28 Main St,Cityville,ST,10028,2024-02-01,active,starter,78000,2026-02-01,Notes for client 28
CLT-0029,Client Name 29,client29@example.com,555-0029,29 Main St,Cityville,ST,10029,2025-03-02,active,growth,79000,2026-03-02,Notes for client 29
CLT-0030,Client Name 30,client30@example.com,555-0030,30 Main St,Cityville,ST,10030,2021-04-03,active,scale,80000,2026-04-03,Notes for client 30
CLT-0031,Client Name 31,client31@example.com,555-0031,31 Main St,Cityville,ST,10031,2022-05-04,active,enterprise,81000,2026-05-04,Notes for client 31
CLT-0032,Client Name 32,client32@example.com,555-0032,32 Main St,Cityville,ST,10032,2023-06-05,active,starter,82000,2026-06-05,Notes for client 32
CLT-0033,Client Name 33,client33@example.com,555-0033,33 Main St,Cityville,ST,10033,2024-07-06,active,growth,83000,2026-07-06,Notes for client 33
CLT-0034,Client Name 34,client34@example.com,555-0034,34 Main St,Cityville,ST,10034,2025-08-07,active,scale,84000,2026-08-07,Notes for client 34
CLT-0035,Client Name 35,client35@example.com,555-0035,35 Main St,Cityville,ST,10035,2021-09-08,active,enterprise,85000,2026-09-08,Notes for client 35
CLT-0036,Client Name 36,client36@example.com,555-0036,36 Main St,Cityville,ST,10036,2022-01-09,active,starter,86000,2026-01-09,Notes for client 36
CLT-0037,Client Name 37,client37@example.com,555-0037,37 Main St,Cityville,ST,10037,2023-02-10,active,growth,87000,2026-02-10,Notes for client 37
CLT-0038,Client Name 38,client38@example.com,555-0038,38 Main St,Cityville,ST,10038,2024-03-11,active,scale,88000,2026-03-11,Notes for client 38
CLT-0039,Client Name 39,client39@example.com,555-0039,39 Main St,Cityville,ST,10039,2025-04-12,active,enterprise,89000,2026-04-12,Notes for client 39
CLT-0040,Client Name 40,client40@example.com,555-0040,40 Main St,Cityville,ST,10040,2021-05-13,active,starter,90000,2026-05-13,Notes for client 40
CLT-0041,Client Name 41,client41@example.com,555-0041,41 Main St,Cityville,ST,10041,2022-06-14,active,growth,91000,2026-06-14,Notes for client 41
CLT-0042,Client Name 42,client42@example.com,555-0042,42 Main St,Cityville,ST,10042,2023-07-15,active,scale,92000,2026-07-15,Notes for client 42
CLT-0043,Client Name 43,client43@example.com,555-0043,43 Main St,Cityville,ST,10043,2024-08-16,active,enterprise,93000,2026-08-16,Notes for client 43
CLT-0044,Client Name 44,client44@example.com,555-0044,44 Main St,Cityville,ST,10044,2025-09-17,active,starter,94000,2026-09-17,Notes for client 44
CLT-0045,Client Name 45,client45@example.com,555-0045,45 Main St,Cityville,ST,10045,2021-01-18,active,growth,95000,2026-01-18,Notes for client 45
CLT-0046,Client Name 46,client46@example.com,555-0046,46 Main St,Cityville,ST,10046,2022-02-19,active,scale,96000,2026-02-19,Notes for client 46
CLT-0047,Client Name 47,client47@example.com,555-0047,47 Main St,Cityville,ST,10047,2023-03-20,active,enterprise,97000,2026-03-20,Notes for client 47
CLT-0048,Client Name 48,client48@example.com,555-0048,48 Main St,Cityville,ST,10048,2024-04-21,active,starter,98000,2026-04-21,Notes for client 48
CLT-0049,Client Name 49,client49@example.com,555-0049,49 Main St,Cityville,ST,10049,2025-05-22,active,growth,99000,2026-05-22,Notes for client 49
CLT-0050,Client Name 50,client50@example.com,555-0050,50 Main St,Cityville,ST,10050,2021-06-23,active,scale,100000,2026-06-23,Notes for client 50
CLT-0051,Client Name 51,client51@example.com,555-0051,51 Main St,Cityville,ST,10051,2022-07-24,active,enterprise,101000,2026-07-24,Notes for client 51
CLT-0052,Client Name 52,client52@example.com,555-0052,52 Main St,Cityville,ST,10052,2023-08-25,active,starter,102000,2026-08-25,Notes for client 52
CLT-0053,Client Name 53,client53@example.com,555-0053,53 Main St,Cityville,ST,10053,2024-09-26,active,growth,103000,2026-09-26,Notes for client 53
CLT-0054,Client Name 54,client54@example.com,555-0054,54 Main St,Cityville,ST,10054,2025-01-27,active,scale,104000,2026-01-27,Notes for client 54
CLT-0055,Client Name 55,client55@example.com,555-0055,55 Main St,Cityville,ST,10055,2021-02-28,active,enterprise,105000,2026-02-28,Notes for client 55
CLT-0056,Client Name 56,client56@example.com,555-0056,56 Main St,Cityville,ST,10056,2022-03-01,active,starter,106000,2026-03-01,Notes for client 56
CLT-0057,Client Name 57,client57@example.com,555-0057,57 Main St,Cityville,ST,10057,2023-04-02,active,growth,107000,2026-04-02,Notes for client 57
CLT-0058,Client Name 58,client58@example.com,555-0058,58 Main St,Cityville,ST,10058,2024-05-03,active,scale,108000,2026-05-03,Notes for client 58
CLT-0059,Client Name 59,client59@example.com,555-0059,59 Main St,Cityville,ST,10059,2025-06-04,active,enterprise,109000,2026-06-04,Notes for client 59
CLT-0060,Client Name 60,client60@example.com,555-0060,60 Main St,Cityville,ST,10060,2021-07-05,active,starter,110000,2026-07-05,Notes for client 60
CLT-0061,Client Name 61,client61@example.com,555-0061,61 Main St,Cityville,ST,10061,2022-08-06,active,growth,111000,2026-08-06,Notes for client 61
CLT-0062,Client Name 62,client62@example.com,555-0062,62 Main St,Cityville,ST,10062,2023-09-07,active,scale,112000,2026-09-07,Notes for client 62
CLT-0063,Client Name 63,client63@example.com,555-0063,63 Main St,Cityville,ST,10063,2024-01-08,active,enterprise,113000,2026-01-08,Notes for client 63
CLT-0064,Client Name 64,client64@example.com,555-0064,64 Main St,Cityville,ST,10064,2025-02-09,active,starter,114000,2026-02-09,Notes for client 64
CLT-0065,Client Name 65,client65@example.com,555-0065,65 Main St,Cityville,ST,10065,2021-03-10,active,growth,115000,2026-03-10,Notes for client 65
CLT-0066,Client Name 66,client66@example.com,555-0066,66 Main St,Cityville,ST,10066,2022-04-11,active,scale,116000,2026-04-11,Notes for client 66
CLT-0067,Client Name 67,client67@example.com,555-0067,67 Main St,Cityville,ST,10067,2023-05-12,active,enterprise,117000,2026-05-12,Notes for client 67
CLT-0068,Client Name 68,client68@example.com,555-0068,68 Main St,Cityville,ST,10068,2024-06-13,active,starter,118000,2026-06-13,Notes for client 68
CLT-0069,Client Name 69,client69@example.com,555-0069,69 Main St,Cityville,ST,10069,2025-07-14,active,growth,119000,2026-07-14,Notes for client 69
CLT-0070,Client Name 70,client70@example.com,555-0070,70 Main St,Cityville,ST,10070,2021-08-15,active,scale,120000,2026-08-15,Notes for client 70
CLT-0071,Client Name 71,client71@example.com,555-0071,71 Main St,Cityville,ST,10071,2022-09-16,active,enterprise,121000,2026-09-16,Notes for client 71
CLT-0072,Client Name 72,client72@example.com,555-0072,72 Main St,Cityville,ST,10072,2023-01-17,active,starter,122000,2026-01-17,Notes for client 72
CLT-0073,Client Name 73,client73@example.com,555-0073,73 Main St,Cityville,ST,10073,2024-02-18,active,growth,123000,2026-02-18,Notes for client 73
CLT-0074,Client Name 74,client74@example.com,555-0074,74 Main St,Cityville,ST,10074,2025-03-19,active,scale,124000,2026-03-19,Notes for client 74
CLT-0075,Client Name 75,client75@example.com,555-0075,75 Main St,Cityville,ST,10075,2021-04-20,active,enterprise,125000,2026-04-20,Notes for client 75
CLT-0076,Client Name 76,client76@example.com,555-0076,76 Main St,Cityville,ST,10076,2022-05-21,active,starter,126000,2026-05-21,Notes for client 76
CLT-0077,Client Name 77,client77@example.com,555-0077,77 Main St,Cityville,ST,10077,2023-06-22,active,growth,127000,2026-06-22,Notes for client 77
CLT-0078,Client Name 78,client78@example.com,555-0078,78 Main St,Cityville,ST,10078,2024-07-23,active,scale,128000,2026-07-23,Notes for client 78
CLT-0079,Client Name 79,client79@example.com,555-0079,79 Main St,Cityville,ST,10079,2025-08-24,active,enterprise,129000,2026-08-24,Notes for client 79
CLT-0080,Client Name 80,client80@example.com,555-0080,80 Main St,Cityville,ST,10080,2021-09-25,active,starter,130000,2026-09-25,Notes for client 80
CLT-0081,Client Name 81,client81@example.com,555-0081,81 Main St,Cityville,ST,10081,2022-01-26,active,growth,131000,2026-01-26,Notes for client 81
CLT-0082,Client Name 82,client82@example.com,555-0082,82 Main St,Cityville,ST,10082,2023-02-27,active,scale,132000,2026-02-27,Notes for client 82
CLT-0083,Client Name 83,client83@example.com,555-0083,83 Main St,Cityville,ST,10083,2024-03-28,active,enterprise,133000,2026-03-28,Notes for client 83
CLT-0084,Client Name 84,client84@example.com,555-0084,84 Main St,Cityville,ST,10084,2025-04-01,active,starter,134000,2026-04-01,Notes for client 84
CLT-0085,Client Name 85,client85@example.com,555-0085,85 Main St,Cityville,ST,10085,2021-05-02,active,growth,135000,2026-05-02,Notes for client 85
CLT-0086,Client Name 86,client86@example.com,555-0086,86 Main St,Cityville,ST,10086,2022-06-03,active,scale,136000,2026-06-03,Notes for client 86
CLT-0087,Client Name 87,client87@example.com,555-0087,87 Main St,Cityville,ST,10087,2023-07-04,active,enterprise,137000,2026-07-04,Notes for client 87
CLT-0088,Client Name 88,client88@example.com,555-0088,88 Main St,Cityville,ST,10088,2024-08-05,active,starter,138000,2026-08-05,Notes for client 88
CLT-0089,Client Name 89,client89@example.com,555-0089,89 Main St,Cityville,ST,10089,2025-09-06,active,growth,139000,2026-09-06,Notes for client 89
CLT-0090,Client Name 90,client90@example.com,555-0090,90 Main St,Cityville,ST,10090,2021-01-07,active,scale,140000,2026-01-07,Notes for client 90
CLT-0091,Client Name 91,client91@example.com,555-0091,91 Main St,Cityville,ST,10091,2022-02-08,active,enterprise,141000,2026-02-08,Notes for client 91
CLT-0092,Client Name 92,client92@example.com,555-0092,92 Main St,Cityville,ST,10092,2023-03-09,active,starter,142000,2026-03-09,Notes for client 92
CLT-0093,Client Name 93,client93@example.com,555-0093,93 Main St,Cityville,ST,10093,2024-04-10,active,growth,143000,2026-04-10,Notes for client 93
CLT-0094,Client Name 94,client94@example.com,555-0094,94 Main St,Cityville,ST,10094,2025-05-11,active,scale,144000,2026-05-11,Notes for client 94
CLT-0095,Client Name 95,client95@example.com,555-0095,95 Main St,Cityville,ST,10095,2021-06-12,active,enterprise,145000,2026-06-12,Notes for client 95
CLT-0096,Client Name 96,client96@example.com,555-0096,96 Main St,Cityville,ST,10096,2022-07-13,active,starter,146000,2026-07-13,Notes for client 96
CLT-0097,Client Name 97,client97@example.com,555-0097,97 Main St,Cityville,ST,10097,2023-08-14,active,growth,147000,2026-08-14,Notes for client 97
CLT-0098,Client Name 98,client98@example.com,555-0098,98 Main St,Cityville,ST,10098,2024-09-15,active,scale,148000,2026-09-15,Notes for client 98
CLT-0099,Client Name 99,client99@example.com,555-0099,99 Main St,Cityville,ST,10099,2025-01-16,active,enterprise,149000,2026-01-16,Notes for client 99
CLT-0100,Client Name 100,client100@example.com,555-0100,100 Main St,Cityville,ST,10100,2021-02-17,active,starter,150000,2026-02-17,Notes for client 100
CLT-0101,Client Name 101,client101@example.com,555-0101,101 Main St,Cityville,ST,10101,2022-03-18,active,growth,151000,2026-03-18,Notes for client 101
CLT-0102,Client Name 102,client102@example.com,555-0102,102 Main St,Cityville,ST,10102,2023-04-19,active,scale,152000,2026-04-19,Notes for client 102
CLT-0103,Client Name 103,client103@example.com,555-0103,103 Main St,Cityville,ST,10103,2024-05-20,active,enterprise,153000,2026-05-20,Notes for client 103
CLT-0104,Client Name 104,client104@example.com,555-0104,104 Main St,Cityville,ST,10104,2025-06-21,active,starter,154000,2026-06-21,Notes for client 104
CLT-0105,Client Name 105,client105@example.com,555-0105,105 Main St,Cityville,ST,10105,2021-07-22,active,growth,155000,2026-07-22,Notes for client 105
CLT-0106,Client Name 106,client106@example.com,555-0106,106 Main St,Cityville,ST,10106,2022-08-23,active,scale,156000,2026-08-23,Notes for client 106
CLT-0107,Client Name 107,client107@example.com,555-0107,107 Main St,Cityville,ST,10107,2023-09-24,active,enterprise,157000,2026-09-24,Notes for client 107
CLT-0108,Client Name 108,client108@example.com,555-0108,108 Main St,Cityville,ST,10108,2024-01-25,active,starter,158000,2026-01-25,Notes for client 108
CLT-0109,Client Name 109,client109@example.com,555-0109,109 Main St,Cityville,ST,10109,2025-02-26,active,growth,159000,2026-02-26,Notes for client 109
CLT-0110,Client Name 110,client110@example.com,555-0110,110 Main St,Cityville,ST,10110,2021-03-27,active,scale,160000,2026-03-27,Notes for client 110
CLT-0111,Client Name 111,client111@example.com,555-0111,111 Main St,Cityville,ST,10111,2022-04-28,active,enterprise,161000,2026-04-28,Notes for client 111
CLT-0112,Client Name 112,client112@example.com,555-0112,112 Main St,Cityville,ST,10112,2023-05-01,active,starter,162000,2026-05-01,Notes for client 112
CLT-0113,Client Name 113,client113@example.com,555-0113,113 Main St,Cityville,ST,10113,2024-06-02,active,growth,163000,2026-06-02,Notes for client 113
CLT-0114,Client Name 114,client114@example.com,555-0114,114 Main St,Cityville,ST,10114,2025-07-03,active,scale,164000,2026-07-03,Notes for client 114
CLT-0115,Client Name 115,client115@example.com,555-0115,115 Main St,Cityville,ST,10115,2021-08-04,active,enterprise,165000,2026-08-04,Notes for client 115
CLT-0116,Client Name 116,client116@example.com,555-0116,116 Main St,Cityville,ST,10116,2022-09-05,active,starter,166000,2026-09-05,Notes for client 116
CLT-0117,Client Name 117,client117@example.com,555-0117,117 Main St,Cityville,ST,10117,2023-01-06,active,growth,167000,2026-01-06,Notes for client 117
CLT-0118,Client Name 118,client118@example.com,555-0118,118 Main St,Cityville,ST,10118,2024-02-07,active,scale,168000,2026-02-07,Notes for client 118
CLT-0119,Client Name 119,client119@example.com,555-0119,119 Main St,Cityville,ST,10119,2025-03-08,active,enterprise,169000,2026-03-08,Notes for client 119
CLT-0120,Client Name 120,client120@example.com,555-0120,120 Main St,Cityville,ST,10120,2021-04-09,active,starter,170000,2026-04-09,Notes for client 120
CLT-0121,Client Name 121,client121@example.com,555-0121,121 Main St,Cityville,ST,10121,2022-05-10,active,growth,171000,2026-05-10,Notes for client 121
CLT-0122,Client Name 122,client122@example.com,555-0122,122 Main St,Cityville,ST,10122,2023-06-11,active,scale,172000,2026-06-11,Notes for client 122
CLT-0123,Client Name 123,client123@example.com,555-0123,123 Main St,Cityville,ST,10123,2024-07-12,active,enterprise,173000,2026-07-12,Notes for client 123
CLT-0124,Client Name 124,client124@example.com,555-0124,124 Main St,Cityville,ST,10124,2025-08-13,active,starter,174000,2026-08-13,Notes for client 124
CLT-0125,Client Name 125,client125@example.com,555-0125,125 Main St,Cityville,ST,10125,2021-09-14,active,growth,175000,2026-09-14,Notes for client 125
CLT-0126,Client Name 126,client126@example.com,555-0126,126 Main St,Cityville,ST,10126,2022-01-15,active,scale,176000,2026-01-15,Notes for client 126
CLT-0127,Client Name 127,client127@example.com,555-0127,127 Main St,Cityville,ST,10127,2023-02-16,active,enterprise,177000,2026-02-16,Notes for client 127
CLT-0128,Client Name 128,client128@example.com,555-0128,128 Main St,Cityville,ST,10128,2024-03-17,active,starter,178000,2026-03-17,Notes for client 128
CLT-0129,Client Name 129,client129@example.com,555-0129,129 Main St,Cityville,ST,10129,2025-04-18,active,growth,179000,2026-04-18,Notes for client 129
CLT-0130,Client Name 130,client130@example.com,555-0130,130 Main St,Cityville,ST,10130,2021-05-19,active,scale,180000,2026-05-19,Notes for client 130
CLT-0131,Client Name 131,client131@example.com,555-0131,131 Main St,Cityville,ST,10131,2022-06-20,active,enterprise,181000,2026-06-20,Notes for client 131
CLT-0132,Client Name 132,client132@example.com,555-0132,132 Main St,Cityville,ST,10132,2023-07-21,active,starter,182000,2026-07-21,Notes for client 132
CLT-0133,Client Name 133,client133@example.com,555-0133,133 Main St,Cityville,ST,10133,2024-08-22,active,growth,183000,2026-08-22,Notes for client 133
CLT-0134,Client Name 134,client134@example.com,555-0134,134 Main St,Cityville,ST,10134,2025-09-23,active,scale,184000,2026-09-23,Notes for client 134
CLT-0135,Client Name 135,client135@example.com,555-0135,135 Main St,Cityville,ST,10135,2021-01-24,active,enterprise,185000,2026-01-24,Notes for client 135
CLT-0136,Client Name 136,client136@example.com,555-0136,136 Main St,Cityville,ST,10136,2022-02-25,active,starter,186000,2026-02-25,Notes for client 136
CLT-0137,Client Name 137,client137@example.com,555-0137,137 Main St,Cityville,ST,10137,2023-03-26,active,growth,187000,2026-03-26,Notes for client 137
CLT-0138,Client Name 138,client138@example.com,555-0138,138 Main St,Cityville,ST,10138,2024-04-27,active,scale,188000,2026-04-27,Notes for client 138
CLT-0139,Client Name 139,client139@example.com,555-0139,139 Main St,Cityville,ST,10139,2025-05-28,active,enterprise,189000,2026-05-28,Notes for client 139
CLT-0140,Client Name 140,client140@example.com,555-0140,140 Main St,Cityville,ST,10140,2021-06-01,active,starter,190000,2026-06-01,Notes for client 140
CLT-0141,Client Name 141,client141@example.com,555-0141,141 Main St,Cityville,ST,10141,2022-07-02,active,growth,191000,2026-07-02,Notes for client 141
CLT-0142,Client Name 142,client142@example.com,555-0142,142 Main St,Cityville,ST,10142,2023-08-03,active,scale,192000,2026-08-03,Notes for client 142
CLT-0143,Client Name 143,client143@example.com,555-0143,143 Main St,Cityville,ST,10143,2024-09-04,active,enterprise,193000,2026-09-04,Notes for client 143
CLT-0144,Client Name 144,client144@example.com,555-0144,144 Main St,Cityville,ST,10144,2025-01-05,active,starter,194000,2026-01-05,Notes for client 144
CLT-0145,Client Name 145,client145@example.com,555-0145,145 Main St,Cityville,ST,10145,2021-02-06,active,growth,195000,2026-02-06,Notes for client 145
CLT-0146,Client Name 146,client146@example.com,555-0146,146 Main St,Cityville,ST,10146,2022-03-07,active,scale,196000,2026-03-07,Notes for client 146
CLT-0147,Client Name 147,client147@example.com,555-0147,147 Main St,Cityville,ST,10147,2023-04-08,active,enterprise,197000,2026-04-08,Notes for client 147
CLT-0148,Client Name 148,client148@example.com,555-0148,148 Main St,Cityville,ST,10148,2024-05-09,active,starter,198000,2026-05-09,Notes for client 148
CLT-0149,Client Name 149,client149@example.com,555-0149,149 Main St,Cityville,ST,10149,2025-06-10,active,growth,199000,2026-06-10,Notes for client 149
CLT-0150,Client Name 150,client150@example.com,555-0150,150 Main St,Cityville,ST,10150,2021-07-11,active,scale,200000,2026-07-11,Notes for client 150
CLT-0151,Client Name 151,client151@example.com,555-0151,151 Main St,Cityville,ST,10151,2022-08-12,active,enterprise,201000,2026-08-12,Notes for client 151
CLT-0152,Client Name 152,client152@example.com,555-0152,152 Main St,Cityville,ST,10152,2023-09-13,active,starter,202000,2026-09-13,Notes for client 152
CLT-0153,Client Name 153,client153@example.com,555-0153,153 Main St,Cityville,ST,10153,2024-01-14,active,growth,203000,2026-01-14,Notes for client 153
CLT-0154,Client Name 154,client154@example.com,555-0154,154 Main St,Cityville,ST,10154,2025-02-15,active,scale,204000,2026-02-15,Notes for client 154
CLT-0155,Client Name 155,client155@example.com,555-0155,155 Main St,Cityville,ST,10155,2021-03-16,active,enterprise,205000,2026-03-16,Notes for client 155
CLT-0156,Client Name 156,client156@example.com,555-0156,156 Main St,Cityville,ST,10156,2022-04-17,active,starter,206000,2026-04-17,Notes for client 156
CLT-0157,Client Name 157,client157@example.com,555-0157,157 Main St,Cityville,ST,10157,2023-05-18,active,growth,207000,2026-05-18,Notes for client 157
CLT-0158,Client Name 158,client158@example.com,555-0158,158 Main St,Cityville,ST,10158,2024-06-19,active,scale,208000,2026-06-19,Notes for client 158
CLT-0159,Client Name 159,client159@example.com,555-0159,159 Main St,Cityville,ST,10159,2025-07-20,active,enterprise,209000,2026-07-20,Notes for client 159
CLT-0160,Client Name 160,client160@example.com,555-0160,160 Main St,Cityville,ST,10160,2021-08-21,active,starter,210000,2026-08-21,Notes for client 160
CLT-0161,Client Name 161,client161@example.com,555-0161,161 Main St,Cityville,ST,10161,2022-09-22,active,growth,211000,2026-09-22,Notes for client 161
CLT-0162,Client Name 162,client162@example.com,555-0162,162 Main St,Cityville,ST,10162,2023-01-23,active,scale,212000,2026-01-23,Notes for client 162
CLT-0163,Client Name 163,client163@example.com,555-0163,163 Main St,Cityville,ST,10163,2024-02-24,active,enterprise,213000,2026-02-24,Notes for client 163
CLT-0164,Client Name 164,client164@example.com,555-0164,164 Main St,Cityville,ST,10164,2025-03-25,active,starter,214000,2026-03-25,Notes for client 164
CLT-0165,Client Name 165,client165@example.com,555-0165,165 Main St,Cityville,ST,10165,2021-04-26,active,growth,215000,2026-04-26,Notes for client 165
CLT-0166,Client Name 166,client166@example.com,555-0166,166 Main St,Cityville,ST,10166,2022-05-27,active,scale,216000,2026-05-27,Notes for client 166
CLT-0167,Client Name 167,client167@example.com,555-0167,167 Main St,Cityville,ST,10167,2023-06-28,active,enterprise,217000,2026-06-28,Notes for client 167
CLT-0168,Client Name 168,client168@example.com,555-0168,168 Main St,Cityville,ST,10168,2024-07-01,active,starter,218000,2026-07-01,Notes for client 168
CLT-0169,Client Name 169,client169@example.com,555-0169,169 Main St,Cityville,ST,10169,2025-08-02,active,growth,219000,2026-08-02,Notes for client 169
CLT-0170,Client Name 170,client170@example.com,555-0170,170 Main St,Cityville,ST,10170,2021-09-03,active,scale,220000,2026-09-03,Notes for client 170
CLT-0171,Client Name 171,client171@example.com,555-0171,171 Main St,Cityville,ST,10171,2022-01-04,active,enterprise,221000,2026-01-04,Notes for client 171
CLT-0172,Client Name 172,client172@example.com,555-0172,172 Main St,Cityville,ST,10172,2023-02-05,active,starter,222000,2026-02-05,Notes for client 172
CLT-0173,Client Name 173,client173@example.com,555-0173,173 Main St,Cityville,ST,10173,2024-03-06,active,growth,223000,2026-03-06,Notes for client 173
CLT-0174,Client Name 174,client174@example.com,555-0174,174 Main St,Cityville,ST,10174,2025-04-07,active,scale,224000,2026-04-07,Notes for client 174
CLT-0175,Client Name 175,client175@example.com,555-0175,175 Main St,Cityville,ST,10175,2021-05-08,active,enterprise,225000,2026-05-08,Notes for client 175
CLT-0176,Client Name 176,client176@example.com,555-0176,176 Main St,Cityville,ST,10176,2022-06-09,active,starter,226000,2026-06-09,Notes for client 176
CLT-0177,Client Name 177,client177@example.com,555-0177,177 Main St,Cityville,ST,10177,2023-07-10,active,growth,227000,2026-07-10,Notes for client 177
CLT-0178,Client Name 178,client178@example.com,555-0178,178 Main St,Cityville,ST,10178,2024-08-11,active,scale,228000,2026-08-11,Notes for client 178
CLT-0179,Client Name 179,client179@example.com,555-0179,179 Main St,Cityville,ST,10179,2025-09-12,active,enterprise,229000,2026-09-12,Notes for client 179
CLT-0180,Client Name 180,client180@example.com,555-0180,180 Main St,Cityville,ST,10180,2021-01-13,active,starter,230000,2026-01-13,Notes for client 180
CLT-0181,Client Name 181,client181@example.com,555-0181,181 Main St,Cityville,ST,10181,2022-02-14,active,growth,231000,2026-02-14,Notes for client 181
CLT-0182,Client Name 182,client182@example.com,555-0182,182 Main St,Cityville,ST,10182,2023-03-15,active,scale,232000,2026-03-15,Notes for client 182
CLT-0183,Client Name 183,client183@example.com,555-0183,183 Main St,Cityville,ST,10183,2024-04-16,active,enterprise,233000,2026-04-16,Notes for client 183
CLT-0184,Client Name 184,client184@example.com,555-0184,184 Main St,Cityville,ST,10184,2025-05-17,active,starter,234000,2026-05-17,Notes for client 184
CLT-0185,Client Name 185,client185@example.com,555-0185,185 Main St,Cityville,ST,10185,2021-06-18,active,growth,235000,2026-06-18,Notes for client 185
CLT-0186,Client Name 186,client186@example.com,555-0186,186 Main St,Cityville,ST,10186,2022-07-19,active,scale,236000,2026-07-19,Notes for client 186
CLT-0187,Client Name 187,client187@example.com,555-0187,187 Main St,Cityville,ST,10187,2023-08-20,active,enterprise,237000,2026-08-20,Notes for client 187
CLT-0188,Client Name 188,client188@example.com,555-0188,188 Main St,Cityville,ST,10188,2024-09-21,active,starter,238000,2026-09-21,Notes for client 188
CLT-0189,Client Name 189,client189@example.com,555-0189,189 Main St,Cityville,ST,10189,2025-01-22,active,growth,239000,2026-01-22,Notes for client 189
CLT-0190,Client Name 190,client190@example.com,555-0190,190 Main St,Cityville,ST,10190,2021-02-23,active,scale,240000,2026-02-23,Notes for client 190
CLT-0191,Client Name 191,client191@example.com,555-0191,191 Main St,Cityville,ST,10191,2022-03-24,active,enterprise,241000,2026-03-24,Notes for client 191
CLT-0192,Client Name 192,client192@example.com,555-0192,192 Main St,Cityville,ST,10192,2023-04-25,active,starter,242000,2026-04-25,Notes for client 192
CLT-0193,Client Name 193,client193@example.com,555-0193,193 Main St,Cityville,ST,10193,2024-05-26,active,growth,243000,2026-05-26,Notes for client 193
CLT-0194,Client Name 194,client194@example.com,555-0194,194 Main St,Cityville,ST,10194,2025-06-27,active,scale,244000,2026-06-27,Notes for client 194
CLT-0195,Client Name 195,client195@example.com,555-0195,195 Main St,Cityville,ST,10195,2021-07-28,active,enterprise,245000,2026-07-28,Notes for client 195
CLT-0196,Client Name 196,client196@example.com,555-0196,196 Main St,Cityville,ST,10196,2022-08-01,active,starter,246000,2026-08-01,Notes for client 196
CLT-0197,Client Name 197,client197@example.com,555-0197,197 Main St,Cityville,ST,10197,2023-09-02,active,growth,247000,2026-09-02,Notes for client 197
CLT-0198,Client Name 198,client198@example.com,555-0198,198 Main St,Cityville,ST,10198,2024-01-03,active,scale,248000,2026-01-03,Notes for client 198
CLT-0199,Client Name 199,client199@example.com,555-0199,199 Main St,Cityville,ST,10199,2025-02-04,active,enterprise,249000,2026-02-04,Notes for client 199
CLT-0200,Client Name 200,client200@example.com,555-0200,200 Main St,Cityville,ST,10200,2021-03-05,active,starter,250000,2026-03-05,Notes for client 200
CLT-0201,Client Name 201,client201@example.com,555-0201,201 Main St,Cityville,ST,10201,2022-04-06,active,growth,251000,2026-04-06,Notes for client 201
CLT-0202,Client Name 202,client202@example.com,555-0202,202 Main St,Cityville,ST,10202,2023-05-07,active,scale,252000,2026-05-07,Notes for client 202
CLT-0203,Client Name 203,client203@example.com,555-0203,203 Main St,Cityville,ST,10203,2024-06-08,active,enterprise,253000,2026-06-08,Notes for client 203
CLT-0204,Client Name 204,client204@example.com,555-0204,204 Main St,Cityville,ST,10204,2025-07-09,active,starter,254000,2026-07-09,Notes for client 204
CLT-0205,Client Name 205,client205@example.com,555-0205,205 Main St,Cityville,ST,10205,2021-08-10,active,growth,255000,2026-08-10,Notes for client 205
CLT-0206,Client Name 206,client206@example.com,555-0206,206 Main St,Cityville,ST,10206,2022-09-11,active,scale,256000,2026-09-11,Notes for client 206
CLT-0207,Client Name 207,client207@example.com,555-0207,207 Main St,Cityville,ST,10207,2023-01-12,active,enterprise,257000,2026-01-12,Notes for client 207
CLT-0208,Client Name 208,client208@example.com,555-0208,208 Main St,Cityville,ST,10208,2024-02-13,active,starter,258000,2026-02-13,Notes for client 208
CLT-0209,Client Name 209,client209@example.com,555-0209,209 Main St,Cityville,ST,10209,2025-03-14,active,growth,259000,2026-03-14,Notes for client 209
CLT-0210,Client Name 210,client210@example.com,555-0210,210 Main St,Cityville,ST,10210,2021-04-15,active,scale,260000,2026-04-15,Notes for client 210
CLT-0211,Client Name 211,client211@example.com,555-0211,211 Main St,Cityville,ST,10211,2022-05-16,active,enterprise,261000,2026-05-16,Notes for client 211
CLT-0212,Client Name 212,client212@example.com,555-0212,212 Main St,Cityville,ST,10212,2023-06-17,active,starter,262000,2026-06-17,Notes for client 212
CLT-0213,Client Name 213,client213@example.com,555-0213,213 Main St,Cityville,ST,10213,2024-07-18,active,growth,263000,2026-07-18,Notes for client 213
CLT-0214,Client Name 214,client214@example.com,555-0214,214 Main St,Cityville,ST,10214,2025-08-19,active,scale,264000,2026-08-19,Notes for client 214
CLT-0215,Client Name 215,client215@example.com,555-0215,215 Main St,Cityville,ST,10215,2021-09-20,active,enterprise,265000,2026-09-20,Notes for client 215
CLT-0216,Client Name 216,client216@example.com,555-0216,216 Main St,Cityville,ST,10216,2022-01-21,active,starter,266000,2026-01-21,Notes for client 216
CLT-0217,Client Name 217,client217@example.com,555-0217,217 Main St,Cityville,ST,10217,2023-02-22,active,growth,267000,2026-02-22,Notes for client 217
CLT-0218,Client Name 218,client218@example.com,555-0218,218 Main St,Cityville,ST,10218,2024-03-23,active,scale,268000,2026-03-23,Notes for client 218
CLT-0219,Client Name 219,client219@example.com,555-0219,219 Main St,Cityville,ST,10219,2025-04-24,active,enterprise,269000,2026-04-24,Notes for client 219
CLT-0220,Client Name 220,client220@example.com,555-0220,220 Main St,Cityville,ST,10220,2021-05-25,active,starter,270000,2026-05-25,Notes for client 220
CLT-0221,Client Name 221,client221@example.com,555-0221,221 Main St,Cityville,ST,10221,2022-06-26,active,growth,271000,2026-06-26,Notes for client 221
CLT-0222,Client Name 222,client222@example.com,555-0222,222 Main St,Cityville,ST,10222,2023-07-27,active,scale,272000,2026-07-27,Notes for client 222
CLT-0223,Client Name 223,client223@example.com,555-0223,223 Main St,Cityville,ST,10223,2024-08-28,active,enterprise,273000,2026-08-28,Notes for client 223
CLT-0224,Client Name 224,client224@example.com,555-0224,224 Main St,Cityville,ST,10224,2025-09-01,active,starter,274000,2026-09-01,Notes for client 224
CLT-0225,Client Name 225,client225@example.com,555-0225,225 Main St,Cityville,ST,10225,2021-01-02,active,growth,275000,2026-01-02,Notes for client 225
CLT-0226,Client Name 226,client226@example.com,555-0226,226 Main St,Cityville,ST,10226,2022-02-03,active,scale,276000,2026-02-03,Notes for client 226
CLT-0227,Client Name 227,client227@example.com,555-0227,227 Main St,Cityville,ST,10227,2023-03-04,active,enterprise,277000,2026-03-04,Notes for client 227
CLT-0228,Client Name 228,client228@example.com,555-0228,228 Main St,Cityville,ST,10228,2024-04-05,active,starter,278000,2026-04-05,Notes for client 228
CLT-0229,Client Name 229,client229@example.com,555-0229,229 Main St,Cityville,ST,10229,2025-05-06,active,growth,279000,2026-05-06,Notes for client 229
CLT-0230,Client Name 230,client230@example.com,555-0230,230 Main St,Cityville,ST,10230,2021-06-07,active,scale,280000,2026-06-07,Notes for client 230
CLT-0231,Client Name 231,client231@example.com,555-0231,231 Main St,Cityville,ST,10231,2022-07-08,active,enterprise,281000,2026-07-08,Notes for client 231
CLT-0232,Client Name 232,client232@example.com,555-0232,232 Main St,Cityville,ST,10232,2023-08-09,active,starter,282000,2026-08-09,Notes for client 232
CLT-0233,Client Name 233,client233@example.com,555-0233,233 Main St,Cityville,ST,10233,2024-09-10,active,growth,283000,2026-09-10,Notes for client 233
CLT-0234,Client Name 234,client234@example.com,555-0234,234 Main St,Cityville,ST,10234,2025-01-11,active,scale,284000,2026-01-11,Notes for client 234
CLT-0235,Client Name 235,client235@example.com,555-0235,235 Main St,Cityville,ST,10235,2021-02-12,active,enterprise,285000,2026-02-12,Notes for client 235
CLT-0236,Client Name 236,client236@example.com,555-0236,236 Main St,Cityville,ST,10236,2022-03-13,active,starter,286000,2026-03-13,Notes for client 236
CLT-0237,Client Name 237,client237@example.com,555-0237,237 Main St,Cityville,ST,10237,2023-04-14,active,growth,287000,2026-04-14,Notes for client 237
CLT-0238,Client Name 238,client238@example.com,555-0238,238 Main St,Cityville,ST,10238,2024-05-15,active,scale,288000,2026-05-15,Notes for client 238
CLT-0239,Client Name 239,client239@example.com,555-0239,239 Main St,Cityville,ST,10239,2025-06-16,active,enterprise,289000,2026-06-16,Notes for client 239
CLT-0240,Client Name 240,client240@example.com,555-0240,240 Main St,Cityville,ST,10240,2021-07-17,active,starter,290000,2026-07-17,Notes for client 240
CLT-0241,Client Name 241,client241@example.com,555-0241,241 Main St,Cityville,ST,10241,2022-08-18,active,growth,291000,2026-08-18,Notes for client 241
CLT-0242,Client Name 242,client242@example.com,555-0242,242 Main St,Cityville,ST,10242,2023-09-19,active,scale,292000,2026-09-19,Notes for client 242
CLT-0243,Client Name 243,client243@example.com,555-0243,243 Main St,Cityville,ST,10243,2024-01-20,active,enterprise,293000,2026-01-20,Notes for client 243
CLT-0244,Client Name 244,client244@example.com,555-0244,244 Main St,Cityville,ST,10244,2025-02-21,active,starter,294000,2026-02-21,Notes for client 244
CLT-0245,Client Name 245,client245@example.com,555-0245,245 Main St,Cityville,ST,10245,2021-03-22,active,growth,295000,2026-03-22,Notes for client 245
CLT-0246,Client Name 246,client246@example.com,555-0246,246 Main St,Cityville,ST,10246,2022-04-23,active,scale,296000,2026-04-23,Notes for client 246
CLT-0247,Client Name 247,client247@example.com,555-0247,247 Main St,Cityville,ST,10247,2023-05-24,active,enterprise,297000,2026-05-24,Notes for client 247
CLT-0248,Client Name 248,client248@example.com,555-0248,248 Main St,Cityville,ST,10248,2024-06-25,active,starter,298000,2026-06-25,Notes for client 248
CLT-0249,Client Name 249,client249@example.com,555-0249,249 Main St,Cityville,ST,10249,2025-07-26,active,growth,299000,2026-07-26,Notes for client 249
CLT-0250,Client Name 250,client250@example.com,555-0250,250 Main St,Cityville,ST,10250,2021-08-27,active,scale,300000,2026-08-27,Notes for client 250
CLT-0251,Client Name 251,client251@example.com,555-0251,251 Main St,Cityville,ST,10251,2022-09-28,active,enterprise,301000,2026-09-28,Notes for client 251
CLT-0252,Client Name 252,client252@example.com,555-0252,252 Main St,Cityville,ST,10252,2023-01-01,active,starter,302000,2026-01-01,Notes for client 252
CLT-0253,Client Name 253,client253@example.com,555-0253,253 Main St,Cityville,ST,10253,2024-02-02,active,growth,303000,2026-02-02,Notes for client 253
CLT-0254,Client Name 254,client254@example.com,555-0254,254 Main St,Cityville,ST,10254,2025-03-03,active,scale,304000,2026-03-03,Notes for client 254
CLT-0255,Client Name 255,client255@example.com,555-0255,255 Main St,Cityville,ST,10255,2021-04-04,active,enterprise,305000,2026-04-04,Notes for client 255
CLT-0256,Client Name 256,client256@example.com,555-0256,256 Main St,Cityville,ST,10256,2022-05-05,active,starter,306000,2026-05-05,Notes for client 256
CLT-0257,Client Name 257,client257@example.com,555-0257,257 Main St,Cityville,ST,10257,2023-06-06,active,growth,307000,2026-06-06,Notes for client 257
CLT-0258,Client Name 258,client258@example.com,555-0258,258 Main St,Cityville,ST,10258,2024-07-07,active,scale,308000,2026-07-07,Notes for client 258
CLT-0259,Client Name 259,client259@example.com,555-0259,259 Main St,Cityville,ST,10259,2025-08-08,active,enterprise,309000,2026-08-08,Notes for client 259
CLT-0260,Client Name 260,client260@example.com,555-0260,260 Main St,Cityville,ST,10260,2021-09-09,active,starter,310000,2026-09-09,Notes for client 260
CLT-0261,Client Name 261,client261@example.com,555-0261,261 Main St,Cityville,ST,10261,2022-01-10,active,growth,311000,2026-01-10,Notes for client 261
CLT-0262,Client Name 262,client262@example.com,555-0262,262 Main St,Cityville,ST,10262,2023-02-11,active,scale,312000,2026-02-11,Notes for client 262
CLT-0263,Client Name 263,client263@example.com,555-0263,263 Main St,Cityville,ST,10263,2024-03-12,active,enterprise,313000,2026-03-12,Notes for client 263
CLT-0264,Client Name 264,client264@example.com,555-0264,264 Main St,Cityville,ST,10264,2025-04-13,active,starter,314000,2026-04-13,Notes for client 264
CLT-0265,Client Name 265,client265@example.com,555-0265,265 Main St,Cityville,ST,10265,2021-05-14,active,growth,315000,2026-05-14,Notes for client 265
CLT-0266,Client Name 266,client266@example.com,555-0266,266 Main St,Cityville,ST,10266,2022-06-15,active,scale,316000,2026-06-15,Notes for client 266
CLT-0267,Client Name 267,client267@example.com,555-0267,267 Main St,Cityville,ST,10267,2023-07-16,active,enterprise,317000,2026-07-16,Notes for client 267
CLT-0268,Client Name 268,client268@example.com,555-0268,268 Main St,Cityville,ST,10268,2024-08-17,active,starter,318000,2026-08-17,Notes for client 268
CLT-0269,Client Name 269,client269@example.com,555-0269,269 Main St,Cityville,ST,10269,2025-09-18,active,growth,319000,2026-09-18,Notes for client 269
CLT-0270,Client Name 270,client270@example.com,555-0270,270 Main St,Cityville,ST,10270,2021-01-19,active,scale,320000,2026-01-19,Notes for client 270
CLT-0271,Client Name 271,client271@example.com,555-0271,271 Main St,Cityville,ST,10271,2022-02-20,active,enterprise,321000,2026-02-20,Notes for client 271
CLT-0272,Client Name 272,client272@example.com,555-0272,272 Main St,Cityville,ST,10272,2023-03-21,active,starter,322000,2026-03-21,Notes for client 272
CLT-0273,Client Name 273,client273@example.com,555-0273,273 Main St,Cityville,ST,10273,2024-04-22,active,growth,323000,2026-04-22,Notes for client 273
CLT-0274,Client Name 274,client274@example.com,555-0274,274 Main St,Cityville,ST,10274,2025-05-23,active,scale,324000,2026-05-23,Notes for client 274
CLT-0275,Client Name 275,client275@example.com,555-0275,275 Main St,Cityville,ST,10275,2021-06-24,active,enterprise,325000,2026-06-24,Notes for client 275
CLT-0276,Client Name 276,client276@example.com,555-0276,276 Main St,Cityville,ST,10276,2022-07-25,active,starter,326000,2026-07-25,Notes for client 276
CLT-0277,Client Name 277,client277@example.com,555-0277,277 Main St,Cityville,ST,10277,2023-08-26,active,growth,327000,2026-08-26,Notes for client 277
CLT-0278,Client Name 278,client278@example.com,555-0278,278 Main St,Cityville,ST,10278,2024-09-27,active,scale,328000,2026-09-27,Notes for client 278
CLT-0279,Client Name 279,client279@example.com,555-0279,279 Main St,Cityville,ST,10279,2025-01-28,active,enterprise,329000,2026-01-28,Notes for client 279
CLT-0280,Client Name 280,client280@example.com,555-0280,280 Main St,Cityville,ST,10280,2021-02-01,active,starter,330000,2026-02-01,Notes for client 280
CLT-0281,Client Name 281,client281@example.com,555-0281,281 Main St,Cityville,ST,10281,2022-03-02,active,growth,331000,2026-03-02,Notes for client 281
CLT-0282,Client Name 282,client282@example.com,555-0282,282 Main St,Cityville,ST,10282,2023-04-03,active,scale,332000,2026-04-03,Notes for client 282
CLT-0283,Client Name 283,client283@example.com,555-0283,283 Main St,Cityville,ST,10283,2024-05-04,active,enterprise,333000,2026-05-04,Notes for client 283
CLT-0284,Client Name 284,client284@example.com,555-0284,284 Main St,Cityville,ST,10284,2025-06-05,active,starter,334000,2026-06-05,Notes for client 284
CLT-0285,Client Name 285,client285@example.com,555-0285,285 Main St,Cityville,ST,10285,2021-07-06,active,growth,335000,2026-07-06,Notes for client 285
CLT-0286,Client Name 286,client286@example.com,555-0286,286 Main St,Cityville,ST,10286,2022-08-07,active,scale,336000,2026-08-07,Notes for client 286
CLT-0287,Client Name 287,client287@example.com,555-0287,287 Main St,Cityville,ST,10287,2023-09-08,active,enterprise,337000,2026-09-08,Notes for client 287
CLT-0288,Client Name 288,client288@example.com,555-0288,288 Main St,Cityville,ST,10288,2024-01-09,active,starter,338000,2026-01-09,Notes for client 288
CLT-0289,Client Name 289,client289@example.com,555-0289,289 Main St,Cityville,ST,10289,2025-02-10,active,growth,339000,2026-02-10,Notes for client 289
CLT-0290,Client Name 290,client290@example.com,555-0290,290 Main St,Cityville,ST,10290,2021-03-11,active,scale,340000,2026-03-11,Notes for client 290
CLT-0291,Client Name 291,client291@example.com,555-0291,291 Main St,Cityville,ST,10291,2022-04-12,active,enterprise,341000,2026-04-12,Notes for client 291
CLT-0292,Client Name 292,client292@example.com,555-0292,292 Main St,Cityville,ST,10292,2023-05-13,active,starter,342000,2026-05-13,Notes for client 292
CLT-0293,Client Name 293,client293@example.com,555-0293,293 Main St,Cityville,ST,10293,2024-06-14,active,growth,343000,2026-06-14,Notes for client 293
CLT-0294,Client Name 294,client294@example.com,555-0294,294 Main St,Cityville,ST,10294,2025-07-15,active,scale,344000,2026-07-15,Notes for client 294
CLT-0295,Client Name 295,client295@example.com,555-0295,295 Main St,Cityville,ST,10295,2021-08-16,active,enterprise,345000,2026-08-16,Notes for client 295
CLT-0296,Client Name 296,client296@example.com,555-0296,296 Main St,Cityville,ST,10296,2022-09-17,active,starter,346000,2026-09-17,Notes for client 296
CLT-0297,Client Name 297,client297@example.com,555-0297,297 Main St,Cityville,ST,10297,2023-01-18,active,growth,347000,2026-01-18,Notes for client 297
CLT-0298,Client Name 298,client298@example.com,555-0298,298 Main St,Cityville,ST,10298,2024-02-19,active,scale,348000,2026-02-19,Notes for client 298
CLT-0299,Client Name 299,client299@example.com,555-0299,299 Main St,Cityville,ST,10299,2025-03-20,active,enterprise,349000,2026-03-20,Notes for client 299
CLT-0300,Client Name 300,client300@example.com,555-0300,300 Main St,Cityville,ST,10300,2021-04-21,active,starter,350000,2026-04-21,Notes for client 300
CLT-0301,Client Name 301,client301@example.com,555-0301,301 Main St,Cityville,ST,10301,2022-05-22,active,growth,351000,2026-05-22,Notes for client 301
CLT-0302,Client Name 302,client302@example.com,555-0302,302 Main St,Cityville,ST,10302,2023-06-23,active,scale,352000,2026-06-23,Notes for client 302
CLT-0303,Client Name 303,client303@example.com,555-0303,303 Main St,Cityville,ST,10303,2024-07-24,active,enterprise,353000,2026-07-24,Notes for client 303
CLT-0304,Client Name 304,client304@example.com,555-0304,304 Main St,Cityville,ST,10304,2025-08-25,active,starter,354000,2026-08-25,Notes for client 304
CLT-0305,Client Name 305,client305@example.com,555-0305,305 Main St,Cityville,ST,10305,2021-09-26,active,growth,355000,2026-09-26,Notes for client 305
CLT-0306,Client Name 306,client306@example.com,555-0306,306 Main St,Cityville,ST,10306,2022-01-27,active,scale,356000,2026-01-27,Notes for client 306
CLT-0307,Client Name 307,client307@example.com,555-0307,307 Main St,Cityville,ST,10307,2023-02-28,active,enterprise,357000,2026-02-28,Notes for client 307
CLT-0308,Client Name 308,client308@example.com,555-0308,308 Main St,Cityville,ST,10308,2024-03-01,active,starter,358000,2026-03-01,Notes for client 308
CLT-0309,Client Name 309,client309@example.com,555-0309,309 Main St,Cityville,ST,10309,2025-04-02,active,growth,359000,2026-04-02,Notes for client 309
CLT-0310,Client Name 310,client310@example.com,555-0310,310 Main St,Cityville,ST,10310,2021-05-03,active,scale,360000,2026-05-03,Notes for client 310
CLT-0311,Client Name 311,client311@example.com,555-0311,311 Main St,Cityville,ST,10311,2022-06-04,active,enterprise,361000,2026-06-04,Notes for client 311
CLT-0312,Client Name 312,client312@example.com,555-0312,312 Main St,Cityville,ST,10312,2023-07-05,active,starter,362000,2026-07-05,Notes for client 312
CLT-0313,Client Name 313,client313@example.com,555-0313,313 Main St,Cityville,ST,10313,2024-08-06,active,growth,363000,2026-08-06,Notes for client 313
CLT-0314,Client Name 314,client314@example.com,555-0314,314 Main St,Cityville,ST,10314,2025-09-07,active,scale,364000,2026-09-07,Notes for client 314
CLT-0315,Client Name 315,client315@example.com,555-0315,315 Main St,Cityville,ST,10315,2021-01-08,active,enterprise,365000,2026-01-08,Notes for client 315
CLT-0316,Client Name 316,client316@example.com,555-0316,316 Main St,Cityville,ST,10316,2022-02-09,active,starter,366000,2026-02-09,Notes for client 316
CLT-0317,Client Name 317,client317@example.com,555-0317,317 Main St,Cityville,ST,10317,2023-03-10,active,growth,367000,2026-03-10,Notes for client 317
CLT-0318,Client Name 318,client318@example.com,555-0318,318 Main St,Cityville,ST,10318,2024-04-11,active,scale,368000,2026-04-11,Notes for client 318
CLT-0319,Client Name 319,client319@example.com,555-0319,319 Main St,Cityville,ST,10319,2025-05-12,active,enterprise,369000,2026-05-12,Notes for client 319
CLT-0320,Client Name 320,client320@example.com,555-0320,320 Main St,Cityville,ST,10320,2021-06-13,active,starter,370000,2026-06-13,Notes for client 320
CLT-0321,Client Name 321,client321@example.com,555-0321,321 Main St,Cityville,ST,10321,2022-07-14,active,growth,371000,2026-07-14,Notes for client 321
CLT-0322,Client Name 322,client322@example.com,555-0322,322 Main St,Cityville,ST,10322,2023-08-15,active,scale,372000,2026-08-15,Notes for client 322
CLT-0323,Client Name 323,client323@example.com,555-0323,323 Main St,Cityville,ST,10323,2024-09-16,active,enterprise,373000,2026-09-16,Notes for client 323
CLT-0324,Client Name 324,client324@example.com,555-0324,324 Main St,Cityville,ST,10324,2025-01-17,active,starter,374000,2026-01-17,Notes for client 324
CLT-0325,Client Name 325,client325@example.com,555-0325,325 Main St,Cityville,ST,10325,2021-02-18,active,growth,375000,2026-02-18,Notes for client 325
CLT-0326,Client Name 326,client326@example.com,555-0326,326 Main St,Cityville,ST,10326,2022-03-19,active,scale,376000,2026-03-19,Notes for client 326
CLT-0327,Client Name 327,client327@example.com,555-0327,327 Main St,Cityville,ST,10327,2023-04-20,active,enterprise,377000,2026-04-20,Notes for client 327
CLT-0328,Client Name 328,client328@example.com,555-0328,328 Main St,Cityville,ST,10328,2024-05-21,active,starter,378000,2026-05-21,Notes for client 328
CLT-0329,Client Name 329,client329@example.com,555-0329,329 Main St,Cityville,ST,10329,2025-06-22,active,growth,379000,2026-06-22,Notes for client 329
CLT-0330,Client Name 330,client330@example.com,555-0330,330 Main St,Cityville,ST,10330,2021-07-23,active,scale,380000,2026-07-23,Notes for client 330
CLT-0331,Client Name 331,client331@example.com,555-0331,331 Main St,Cityville,ST,10331,2022-08-24,active,enterprise,381000,2026-08-24,Notes for client 331
CLT-0332,Client Name 332,client332@example.com,555-0332,332 Main St,Cityville,ST,10332,2023-09-25,active,starter,382000,2026-09-25,Notes for client 332
CLT-0333,Client Name 333,client333@example.com,555-0333,333 Main St,Cityville,ST,10333,2024-01-26,active,growth,383000,2026-01-26,Notes for client 333
CLT-0334,Client Name 334,client334@example.com,555-0334,334 Main St,Cityville,ST,10334,2025-02-27,active,scale,384000,2026-02-27,Notes for client 334
CLT-0335,Client Name 335,client335@example.com,555-0335,335 Main St,Cityville,ST,10335,2021-03-28,active,enterprise,385000,2026-03-28,Notes for client 335
CLT-0336,Client Name 336,client336@example.com,555-0336,336 Main St,Cityville,ST,10336,2022-04-01,active,starter,386000,2026-04-01,Notes for client 336
CLT-0337,Client Name 337,client337@example.com,555-0337,337 Main St,Cityville,ST,10337,2023-05-02,active,growth,387000,2026-05-02,Notes for client 337
CLT-0338,Client Name 338,client338@example.com,555-0338,338 Main St,Cityville,ST,10338,2024-06-03,active,scale,388000,2026-06-03,Notes for client 338
CLT-0339,Client Name 339,client339@example.com,555-0339,339 Main St,Cityville,ST,10339,2025-07-04,active,enterprise,389000,2026-07-04,Notes for client 339
CLT-0340,Client Name 340,client340@example.com,555-0340,340 Main St,Cityville,ST,10340,2021-08-05,active,starter,390000,2026-08-05,Notes for client 340
CLT-0341,Client Name 341,client341@example.com,555-0341,341 Main St,Cityville,ST,10341,2022-09-06,active,growth,391000,2026-09-06,Notes for client 341
CLT-0342,Client Name 342,client342@example.com,555-0342,342 Main St,Cityville,ST,10342,2023-01-07,active,scale,392000,2026-01-07,Notes for client 342
CLT-0343,Client Name 343,client343@example.com,555-0343,343 Main St,Cityville,ST,10343,2024-02-08,active,enterprise,393000,2026-02-08,Notes for client 343
CLT-0344,Client Name 344,client344@example.com,555-0344,344 Main St,Cityville,ST,10344,2025-03-09,active,starter,394000,2026-03-09,Notes for client 344
CLT-0345,Client Name 345,client345@example.com,555-0345,345 Main St,Cityville,ST,10345,2021-04-10,active,growth,395000,2026-04-10,Notes for client 345
CLT-0346,Client Name 346,client346@example.com,555-0346,346 Main St,Cityville,ST,10346,2022-05-11,active,scale,396000,2026-05-11,Notes for client 346
CLT-0347,Client Name 347,client347@example.com,555-0347,347 Main St,Cityville,ST,10347,2023-06-12,active,enterprise,397000,2026-06-12,Notes for client 347
CLT-0348,Client Name 348,client348@example.com,555-0348,348 Main St,Cityville,ST,10348,2024-07-13,active,starter,398000,2026-07-13,Notes for client 348
CLT-0349,Client Name 349,client349@example.com,555-0349,349 Main St,Cityville,ST,10349,2025-08-14,active,growth,399000,2026-08-14,Notes for client 349
CLT-0350,Client Name 350,client350@example.com,555-0350,350 Main St,Cityville,ST,10350,2021-09-15,active,scale,400000,2026-09-15,Notes for client 350
CLT-0351,Client Name 351,client351@example.com,555-0351,351 Main St,Cityville,ST,10351,2022-01-16,active,enterprise,401000,2026-01-16,Notes for client 351
CLT-0352,Client Name 352,client352@example.com,555-0352,352 Main St,Cityville,ST,10352,2023-02-17,active,starter,402000,2026-02-17,Notes for client 352
CLT-0353,Client Name 353,client353@example.com,555-0353,353 Main St,Cityville,ST,10353,2024-03-18,active,growth,403000,2026-03-18,Notes for client 353
CLT-0354,Client Name 354,client354@example.com,555-0354,354 Main St,Cityville,ST,10354,2025-04-19,active,scale,404000,2026-04-19,Notes for client 354
CLT-0355,Client Name 355,client355@example.com,555-0355,355 Main St,Cityville,ST,10355,2021-05-20,active,enterprise,405000,2026-05-20,Notes for client 355
CLT-0356,Client Name 356,client356@example.com,555-0356,356 Main St,Cityville,ST,10356,2022-06-21,active,starter,406000,2026-06-21,Notes for client 356
CLT-0357,Client Name 357,client357@example.com,555-0357,357 Main St,Cityville,ST,10357,2023-07-22,active,growth,407000,2026-07-22,Notes for client 357
CLT-0358,Client Name 358,client358@example.com,555-0358,358 Main St,Cityville,ST,10358,2024-08-23,active,scale,408000,2026-08-23,Notes for client 358
CLT-0359,Client Name 359,client359@example.com,555-0359,359 Main St,Cityville,ST,10359,2025-09-24,active,enterprise,409000,2026-09-24,Notes for client 359
CLT-0360,Client Name 360,client360@example.com,555-0360,360 Main St,Cityville,ST,10360,2021-01-25,active,starter,410000,2026-01-25,Notes for client 360
CLT-0361,Client Name 361,client361@example.com,555-0361,361 Main St,Cityville,ST,10361,2022-02-26,active,growth,411000,2026-02-26,Notes for client 361
CLT-0362,Client Name 362,client362@example.com,555-0362,362 Main St,Cityville,ST,10362,2023-03-27,active,scale,412000,2026-03-27,Notes for client 362
CLT-0363,Client Name 363,client363@example.com,555-0363,363 Main St,Cityville,ST,10363,2024-04-28,active,enterprise,413000,2026-04-28,Notes for client 363
CLT-0364,Client Name 364,client364@example.com,555-0364,364 Main St,Cityville,ST,10364,2025-05-01,active,starter,414000,2026-05-01,Notes for client 364
CLT-0365,Client Name 365,client365@example.com,555-0365,365 Main St,Cityville,ST,10365,2021-06-02,active,growth,415000,2026-06-02,Notes for client 365
CLT-0366,Client Name 366,client366@example.com,555-0366,366 Main St,Cityville,ST,10366,2022-07-03,active,scale,416000,2026-07-03,Notes for client 366
CLT-0367,Client Name 367,client367@example.com,555-0367,367 Main St,Cityville,ST,10367,2023-08-04,active,enterprise,417000,2026-08-04,Notes for client 367
CLT-0368,Client Name 368,client368@example.com,555-0368,368 Main St,Cityville,ST,10368,2024-09-05,active,starter,418000,2026-09-05,Notes for client 368
CLT-0369,Client Name 369,client369@example.com,555-0369,369 Main St,Cityville,ST,10369,2025-01-06,active,growth,419000,2026-01-06,Notes for client 369
CLT-0370,Client Name 370,client370@example.com,555-0370,370 Main St,Cityville,ST,10370,2021-02-07,active,scale,420000,2026-02-07,Notes for client 370
CLT-0371,Client Name 371,client371@example.com,555-0371,371 Main St,Cityville,ST,10371,2022-03-08,active,enterprise,421000,2026-03-08,Notes for client 371
CLT-0372,Client Name 372,client372@example.com,555-0372,372 Main St,Cityville,ST,10372,2023-04-09,active,starter,422000,2026-04-09,Notes for client 372
CLT-0373,Client Name 373,client373@example.com,555-0373,373 Main St,Cityville,ST,10373,2024-05-10,active,growth,423000,2026-05-10,Notes for client 373
CLT-0374,Client Name 374,client374@example.com,555-0374,374 Main St,Cityville,ST,10374,2025-06-11,active,scale,424000,2026-06-11,Notes for client 374
CLT-0375,Client Name 375,client375@example.com,555-0375,375 Main St,Cityville,ST,10375,2021-07-12,active,enterprise,425000,2026-07-12,Notes for client 375
CLT-0376,Client Name 376,client376@example.com,555-0376,376 Main St,Cityville,ST,10376,2022-08-13,active,starter,426000,2026-08-13,Notes for client 376
CLT-0377,Client Name 377,client377@example.com,555-0377,377 Main St,Cityville,ST,10377,2023-09-14,active,growth,427000,2026-09-14,Notes for client 377
CLT-0378,Client Name 378,client378@example.com,555-0378,378 Main St,Cityville,ST,10378,2024-01-15,active,scale,428000,2026-01-15,Notes for client 378
CLT-0379,Client Name 379,client379@example.com,555-0379,379 Main St,Cityville,ST,10379,2025-02-16,active,enterprise,429000,2026-02-16,Notes for client 379
CLT-0380,Client Name 380,client380@example.com,555-0380,380 Main St,Cityville,ST,10380,2021-03-17,active,starter,430000,2026-03-17,Notes for client 380
CLT-0381,Client Name 381,client381@example.com,555-0381,381 Main St,Cityville,ST,10381,2022-04-18,active,growth,431000,2026-04-18,Notes for client 381
CLT-0382,Client Name 382,client382@example.com,555-0382,382 Main St,Cityville,ST,10382,2023-05-19,active,scale,432000,2026-05-19,Notes for client 382
CLT-0383,Client Name 383,client383@example.com,555-0383,383 Main St,Cityville,ST,10383,2024-06-20,active,enterprise,433000,2026-06-20,Notes for client 383
CLT-0384,Client Name 384,client384@example.com,555-0384,384 Main St,Cityville,ST,10384,2025-07-21,active,starter,434000,2026-07-21,Notes for client 384
CLT-0385,Client Name 385,client385@example.com,555-0385,385 Main St,Cityville,ST,10385,2021-08-22,active,growth,435000,2026-08-22,Notes for client 385
CLT-0386,Client Name 386,client386@example.com,555-0386,386 Main St,Cityville,ST,10386,2022-09-23,active,scale,436000,2026-09-23,Notes for client 386
CLT-0387,Client Name 387,client387@example.com,555-0387,387 Main St,Cityville,ST,10387,2023-01-24,active,enterprise,437000,2026-01-24,Notes for client 387
CLT-0388,Client Name 388,client388@example.com,555-0388,388 Main St,Cityville,ST,10388,2024-02-25,active,starter,438000,2026-02-25,Notes for client 388
CLT-0389,Client Name 389,client389@example.com,555-0389,389 Main St,Cityville,ST,10389,2025-03-26,active,growth,439000,2026-03-26,Notes for client 389
CLT-0390,Client Name 390,client390@example.com,555-0390,390 Main St,Cityville,ST,10390,2021-04-27,active,scale,440000,2026-04-27,Notes for client 390
CLT-0391,Client Name 391,client391@example.com,555-0391,391 Main St,Cityville,ST,10391,2022-05-28,active,enterprise,441000,2026-05-28,Notes for client 391
CLT-0392,Client Name 392,client392@example.com,555-0392,392 Main St,Cityville,ST,10392,2023-06-01,active,starter,442000,2026-06-01,Notes for client 392
CLT-0393,Client Name 393,client393@example.com,555-0393,393 Main St,Cityville,ST,10393,2024-07-02,active,growth,443000,2026-07-02,Notes for client 393
CLT-0394,Client Name 394,client394@example.com,555-0394,394 Main St,Cityville,ST,10394,2025-08-03,active,scale,444000,2026-08-03,Notes for client 394
CLT-0395,Client Name 395,client395@example.com,555-0395,395 Main St,Cityville,ST,10395,2021-09-04,active,enterprise,445000,2026-09-04,Notes for client 395
CLT-0396,Client Name 396,client396@example.com,555-0396,396 Main St,Cityville,ST,10396,2022-01-05,active,starter,446000,2026-01-05,Notes for client 396
CLT-0397,Client Name 397,client397@example.com,555-0397,397 Main St,Cityville,ST,10397,2023-02-06,active,growth,447000,2026-02-06,Notes for client 397
CLT-0398,Client Name 398,client398@example.com,555-0398,398 Main St,Cityville,ST,10398,2024-03-07,active,scale,448000,2026-03-07,Notes for client 398
CLT-0399,Client Name 399,client399@example.com,555-0399,399 Main St,Cityville,ST,10399,2025-04-08,active,enterprise,449000,2026-04-08,Notes for client 399
CLT-0400,Client Name 400,client400@example.com,555-0400,400 Main St,Cityville,ST,10400,2021-05-09,active,starter,450000,2026-05-09,Notes for client 400
CLT-0401,Client Name 401,client401@example.com,555-0401,401 Main St,Cityville,ST,10401,2022-06-10,active,growth,451000,2026-06-10,Notes for client 401
CLT-0402,Client Name 402,client402@example.com,555-0402,402 Main St,Cityville,ST,10402,2023-07-11,active,scale,452000,2026-07-11,Notes for client 402
CLT-0403,Client Name 403,client403@example.com,555-0403,403 Main St,Cityville,ST,10403,2024-08-12,active,enterprise,453000,2026-08-12,Notes for client 403
CLT-0404,Client Name 404,client404@example.com,555-0404,404 Main St,Cityville,ST,10404,2025-09-13,active,starter,454000,2026-09-13,Notes for client 404
CLT-0405,Client Name 405,client405@example.com,555-0405,405 Main St,Cityville,ST,10405,2021-01-14,active,growth,455000,2026-01-14,Notes for client 405
CLT-0406,Client Name 406,client406@example.com,555-0406,406 Main St,Cityville,ST,10406,2022-02-15,active,scale,456000,2026-02-15,Notes for client 406
CLT-0407,Client Name 407,client407@example.com,555-0407,407 Main St,Cityville,ST,10407,2023-03-16,active,enterprise,457000,2026-03-16,Notes for client 407
CLT-0408,Client Name 408,client408@example.com,555-0408,408 Main St,Cityville,ST,10408,2024-04-17,active,starter,458000,2026-04-17,Notes for client 408
CLT-0409,Client Name 409,client409@example.com,555-0409,409 Main St,Cityville,ST,10409,2025-05-18,active,growth,459000,2026-05-18,Notes for client 409
CLT-0410,Client Name 410,client410@example.com,555-0410,410 Main St,Cityville,ST,10410,2021-06-19,active,scale,460000,2026-06-19,Notes for client 410
CLT-0411,Client Name 411,client411@example.com,555-0411,411 Main St,Cityville,ST,10411,2022-07-20,active,enterprise,461000,2026-07-20,Notes for client 411
CLT-0412,Client Name 412,client412@example.com,555-0412,412 Main St,Cityville,ST,10412,2023-08-21,active,starter,462000,2026-08-21,Notes for client 412
CLT-0413,Client Name 413,client413@example.com,555-0413,413 Main St,Cityville,ST,10413,2024-09-22,active,growth,463000,2026-09-22,Notes for client 413
CLT-0414,Client Name 414,client414@example.com,555-0414,414 Main St,Cityville,ST,10414,2025-01-23,active,scale,464000,2026-01-23,Notes for client 414
CLT-0415,Client Name 415,client415@example.com,555-0415,415 Main St,Cityville,ST,10415,2021-02-24,active,enterprise,465000,2026-02-24,Notes for client 415
CLT-0416,Client Name 416,client416@example.com,555-0416,416 Main St,Cityville,ST,10416,2022-03-25,active,starter,466000,2026-03-25,Notes for client 416
CLT-0417,Client Name 417,client417@example.com,555-0417,417 Main St,Cityville,ST,10417,2023-04-26,active,growth,467000,2026-04-26,Notes for client 417
CLT-0418,Client Name 418,client418@example.com,555-0418,418 Main St,Cityville,ST,10418,2024-05-27,active,scale,468000,2026-05-27,Notes for client 418
CLT-0419,Client Name 419,client419@example.com,555-0419,419 Main St,Cityville,ST,10419,2025-06-28,active,enterprise,469000,2026-06-28,Notes for client 419
CLT-0420,Client Name 420,client420@example.com,555-0420,420 Main St,Cityville,ST,10420,2021-07-01,active,starter,470000,2026-07-01,Notes for client 420
CLT-0421,Client Name 421,client421@example.com,555-0421,421 Main St,Cityville,ST,10421,2022-08-02,active,growth,471000,2026-08-02,Notes for client 421
CLT-0422,Client Name 422,client422@example.com,555-0422,422 Main St,Cityville,ST,10422,2023-09-03,active,scale,472000,2026-09-03,Notes for client 422
CLT-0423,Client Name 423,client423@example.com,555-0423,423 Main St,Cityville,ST,10423,2024-01-04,active,enterprise,473000,2026-01-04,Notes for client 423
CLT-0424,Client Name 424,client424@example.com,555-0424,424 Main St,Cityville,ST,10424,2025-02-05,active,starter,474000,2026-02-05,Notes for client 424
CLT-0425,Client Name 425,client425@example.com,555-0425,425 Main St,Cityville,ST,10425,2021-03-06,active,growth,475000,2026-03-06,Notes for client 425
CLT-0426,Client Name 426,client426@example.com,555-0426,426 Main St,Cityville,ST,10426,2022-04-07,active,scale,476000,2026-04-07,Notes for client 426
CLT-0427,Client Name 427,client427@example.com,555-0427,427 Main St,Cityville,ST,10427,2023-05-08,active,enterprise,477000,2026-05-08,Notes for client 427
CLT-0428,Client Name 428,client428@example.com,555-0428,428 Main St,Cityville,ST,10428,2024-06-09,active,starter,478000,2026-06-09,Notes for client 428
CLT-0429,Client Name 429,client429@example.com,555-0429,429 Main St,Cityville,ST,10429,2025-07-10,active,growth,479000,2026-07-10,Notes for client 429
CLT-0430,Client Name 430,client430@example.com,555-0430,430 Main St,Cityville,ST,10430,2021-08-11,active,scale,480000,2026-08-11,Notes for client 430
CLT-0431,Client Name 431,client431@example.com,555-0431,431 Main St,Cityville,ST,10431,2022-09-12,active,enterprise,481000,2026-09-12,Notes for client 431
CLT-0432,Client Name 432,client432@example.com,555-0432,432 Main St,Cityville,ST,10432,2023-01-13,active,starter,482000,2026-01-13,Notes for client 432
CLT-0433,Client Name 433,client433@example.com,555-0433,433 Main St,Cityville,ST,10433,2024-02-14,active,growth,483000,2026-02-14,Notes for client 433
CLT-0434,Client Name 434,client434@example.com,555-0434,434 Main St,Cityville,ST,10434,2025-03-15,active,scale,484000,2026-03-15,Notes for client 434
CLT-0435,Client Name 435,client435@example.com,555-0435,435 Main St,Cityville,ST,10435,2021-04-16,active,enterprise,485000,2026-04-16,Notes for client 435
CLT-0436,Client Name 436,client436@example.com,555-0436,436 Main St,Cityville,ST,10436,2022-05-17,active,starter,486000,2026-05-17,Notes for client 436
CLT-0437,Client Name 437,client437@example.com,555-0437,437 Main St,Cityville,ST,10437,2023-06-18,active,growth,487000,2026-06-18,Notes for client 437
CLT-0438,Client Name 438,client438@example.com,555-0438,438 Main St,Cityville,ST,10438,2024-07-19,active,scale,488000,2026-07-19,Notes for client 438
CLT-0439,Client Name 439,client439@example.com,555-0439,439 Main St,Cityville,ST,10439,2025-08-20,active,enterprise,489000,2026-08-20,Notes for client 439
CLT-0440,Client Name 440,client440@example.com,555-0440,440 Main St,Cityville,ST,10440,2021-09-21,active,starter,490000,2026-09-21,Notes for client 440
CLT-0441,Client Name 441,client441@example.com,555-0441,441 Main St,Cityville,ST,10441,2022-01-22,active,growth,491000,2026-01-22,Notes for client 441
CLT-0442,Client Name 442,client442@example.com,555-0442,442 Main St,Cityville,ST,10442,2023-02-23,active,scale,492000,2026-02-23,Notes for client 442
CLT-0443,Client Name 443,client443@example.com,555-0443,443 Main St,Cityville,ST,10443,2024-03-24,active,enterprise,493000,2026-03-24,Notes for client 443
CLT-0444,Client Name 444,client444@example.com,555-0444,444 Main St,Cityville,ST,10444,2025-04-25,active,starter,494000,2026-04-25,Notes for client 444
CLT-0445,Client Name 445,client445@example.com,555-0445,445 Main St,Cityville,ST,10445,2021-05-26,active,growth,495000,2026-05-26,Notes for client 445
CLT-0446,Client Name 446,client446@example.com,555-0446,446 Main St,Cityville,ST,10446,2022-06-27,active,scale,496000,2026-06-27,Notes for client 446
CLT-0447,Client Name 447,client447@example.com,555-0447,447 Main St,Cityville,ST,10447,2023-07-28,active,enterprise,497000,2026-07-28,Notes for client 447
CLT-0448,Client Name 448,client448@example.com,555-0448,448 Main St,Cityville,ST,10448,2024-08-01,active,starter,498000,2026-08-01,Notes for client 448
CLT-0449,Client Name 449,client449@example.com,555-0449,449 Main St,Cityville,ST,10449,2025-09-02,active,growth,499000,2026-09-02,Notes for client 449
CLT-0450,Client Name 450,client450@example.com,555-0450,450 Main St,Cityville,ST,10450,2021-01-03,active,scale,500000,2026-01-03,Notes for client 450
CLT-0451,Client Name 451,client451@example.com,555-0451,451 Main St,Cityville,ST,10451,2022-02-04,active,enterprise,501000,2026-02-04,Notes for client 451
CLT-0452,Client Name 452,client452@example.com,555-0452,452 Main St,Cityville,ST,10452,2023-03-05,active,starter,502000,2026-03-05,Notes for client 452
CLT-0453,Client Name 453,client453@example.com,555-0453,453 Main St,Cityville,ST,10453,2024-04-06,active,growth,503000,2026-04-06,Notes for client 453
CLT-0454,Client Name 454,client454@example.com,555-0454,454 Main St,Cityville,ST,10454,2025-05-07,active,scale,504000,2026-05-07,Notes for client 454
CLT-0455,Client Name 455,client455@example.com,555-0455,455 Main St,Cityville,ST,10455,2021-06-08,active,enterprise,505000,2026-06-08,Notes for client 455
CLT-0456,Client Name 456,client456@example.com,555-0456,456 Main St,Cityville,ST,10456,2022-07-09,active,starter,506000,2026-07-09,Notes for client 456
CLT-0457,Client Name 457,client457@example.com,555-0457,457 Main St,Cityville,ST,10457,2023-08-10,active,growth,507000,2026-08-10,Notes for client 457
CLT-0458,Client Name 458,client458@example.com,555-0458,458 Main St,Cityville,ST,10458,2024-09-11,active,scale,508000,2026-09-11,Notes for client 458
CLT-0459,Client Name 459,client459@example.com,555-0459,459 Main St,Cityville,ST,10459,2025-01-12,active,enterprise,509000,2026-01-12,Notes for client 459
CLT-0460,Client Name 460,client460@example.com,555-0460,460 Main St,Cityville,ST,10460,2021-02-13,active,starter,510000,2026-02-13,Notes for client 460
CLT-0461,Client Name 461,client461@example.com,555-0461,461 Main St,Cityville,ST,10461,2022-03-14,active,growth,511000,2026-03-14,Notes for client 461
CLT-0462,Client Name 462,client462@example.com,555-0462,462 Main St,Cityville,ST,10462,2023-04-15,active,scale,512000,2026-04-15,Notes for client 462
CLT-0463,Client Name 463,client463@example.com,555-0463,463 Main St,Cityville,ST,10463,2024-05-16,active,enterprise,513000,2026-05-16,Notes for client 463
CLT-0464,Client Name 464,client464@example.com,555-0464,464 Main St,Cityville,ST,10464,2025-06-17,active,starter,514000,2026-06-17,Notes for client 464
CLT-0465,Client Name 465,client465@example.com,555-0465,465 Main St,Cityville,ST,10465,2021-07-18,active,growth,515000,2026-07-18,Notes for client 465
CLT-0466,Client Name 466,client466@example.com,555-0466,466 Main St,Cityville,ST,10466,2022-08-19,active,scale,516000,2026-08-19,Notes for client 466
CLT-0467,Client Name 467,client467@example.com,555-0467,467 Main St,Cityville,ST,10467,2023-09-20,active,enterprise,517000,2026-09-20,Notes for client 467
CLT-0468,Client Name 468,client468@example.com,555-0468,468 Main St,Cityville,ST,10468,2024-01-21,active,starter,518000,2026-01-21,Notes for client 468
CLT-0469,Client Name 469,client469@example.com,555-0469,469 Main St,Cityville,ST,10469,2025-02-22,active,growth,519000,2026-02-22,Notes for client 469
CLT-0470,Client Name 470,client470@example.com,555-0470,470 Main St,Cityville,ST,10470,2021-03-23,active,scale,520000,2026-03-23,Notes for client 470
CLT-0471,Client Name 471,client471@example.com,555-0471,471 Main St,Cityville,ST,10471,2022-04-24,active,enterprise,521000,2026-04-24,Notes for client 471
CLT-0472,Client Name 472,client472@example.com,555-0472,472 Main St,Cityville,ST,10472,2023-05-25,active,starter,522000,2026-05-25,Notes for client 472
CLT-0473,Client Name 473,client473@example.com,555-0473,473 Main St,Cityville,ST,10473,2024-06-26,active,growth,523000,2026-06-26,Notes for client 473
CLT-0474,Client Name 474,client474@example.com,555-0474,474 Main St,Cityville,ST,10474,2025-07-27,active,scale,524000,2026-07-27,Notes for client 474
CLT-0475,Client Name 475,client475@example.com,555-0475,475 Main St,Cityville,ST,10475,2021-08-28,active,enterprise,525000,2026-08-28,Notes for client 475
CLT-0476,Client Name 476,client476@example.com,555-0476,476 Main St,Cityville,ST,10476,2022-09-01,active,starter,526000,2026-09-01,Notes for client 476
CLT-0477,Client Name 477,client477@example.com,555-0477,477 Main St,Cityville,ST,10477,2023-01-02,active,growth,527000,2026-01-02,Notes for client 477
CLT-0478,Client Name 478,client478@example.com,555-0478,478 Main St,Cityville,ST,10478,2024-02-03,active,scale,528000,2026-02-03,Notes for client 478
CLT-0479,Client Name 479,client479@example.com,555-0479,479 Main St,Cityville,ST,10479,2025-03-04,active,enterprise,529000,2026-03-04,Notes for client 479
CLT-0480,Client Name 480,client480@example.com,555-0480,480 Main St,Cityville,ST,10480,2021-04-05,active,starter,530000,2026-04-05,Notes for client 480
CLT-0481,Client Name 481,client481@example.com,555-0481,481 Main St,Cityville,ST,10481,2022-05-06,active,growth,531000,2026-05-06,Notes for client 481
CLT-0482,Client Name 482,client482@example.com,555-0482,482 Main St,Cityville,ST,10482,2023-06-07,active,scale,532000,2026-06-07,Notes for client 482
CLT-0483,Client Name 483,client483@example.com,555-0483,483 Main St,Cityville,ST,10483,2024-07-08,active,enterprise,533000,2026-07-08,Notes for client 483
CLT-0484,Client Name 484,client484@example.com,555-0484,484 Main St,Cityville,ST,10484,2025-08-09,active,starter,534000,2026-08-09,Notes for client 484
CLT-0485,Client Name 485,client485@example.com,555-0485,485 Main St,Cityville,ST,10485,2021-09-10,active,growth,535000,2026-09-10,Notes for client 485
CLT-0486,Client Name 486,client486@example.com,555-0486,486 Main St,Cityville,ST,10486,2022-01-11,active,scale,536000,2026-01-11,Notes for client 486
CLT-0487,Client Name 487,client487@example.com,555-0487,487 Main St,Cityville,ST,10487,2023-02-12,active,enterprise,537000,2026-02-12,Notes for client 487
CLT-0488,Client Name 488,client488@example.com,555-0488,488 Main St,Cityville,ST,10488,2024-03-13,active,starter,538000,2026-03-13,Notes for client 488
CLT-0489,Client Name 489,client489@example.com,555-0489,489 Main St,Cityville,ST,10489,2025-04-14,active,growth,539000,2026-04-14,Notes for client 489
CLT-0490,Client Name 490,client490@example.com,555-0490,490 Main St,Cityville,ST,10490,2021-05-15,active,scale,540000,2026-05-15,Notes for client 490
CLT-0491,Client Name 491,client491@example.com,555-0491,491 Main St,Cityville,ST,10491,2022-06-16,active,enterprise,541000,2026-06-16,Notes for client 491
CLT-0492,Client Name 492,client492@example.com,555-0492,492 Main St,Cityville,ST,10492,2023-07-17,active,starter,542000,2026-07-17,Notes for client 492
CLT-0493,Client Name 493,client493@example.com,555-0493,493 Main St,Cityville,ST,10493,2024-08-18,active,growth,543000,2026-08-18,Notes for client 493
CLT-0494,Client Name 494,client494@example.com,555-0494,494 Main St,Cityville,ST,10494,2025-09-19,active,scale,544000,2026-09-19,Notes for client 494
CLT-0495,Client Name 495,client495@example.com,555-0495,495 Main St,Cityville,ST,10495,2021-01-20,active,enterprise,545000,2026-01-20,Notes for client 495
CLT-0496,Client Name 496,client496@example.com,555-0496,496 Main St,Cityville,ST,10496,2022-02-21,active,starter,546000,2026-02-21,Notes for client 496
CLT-0497,Client Name 497,client497@example.com,555-0497,497 Main St,Cityville,ST,10497,2023-03-22,active,growth,547000,2026-03-22,Notes for client 497
CLT-0498,Client Name 498,client498@example.com,555-0498,498 Main St,Cityville,ST,10498,2024-04-23,active,scale,548000,2026-04-23,Notes for client 498
CLT-0499,Client Name 499,client499@example.com,555-0499,499 Main St,Cityville,ST,10499,2025-05-24,active,enterprise,549000,2026-05-24,Notes for client 499
CLT-0500,Client Name 500,client500@example.com,555-0500,500 Main St,Cityville,ST,10500,2021-06-25,active,starter,550000,2026-06-25,Notes for client 500
