check_id,requirement,regulatory_body,last_check,next_due,status,evidence_location,assigned_to
CMP-0001,Compliance Requirement 1,EPA,2026-02-02,2026-8-02,overdue,/records/compliance/CMP-0001.pdf,EMP-002
CMP-0002,Compliance Requirement 2,IRS,2026-03-03,2026-9-03,in_progress,/records/compliance/CMP-0002.pdf,EMP-003
CMP-0003,Compliance Requirement 3,DOL,2026-04-04,2026-10-04,exempt,/records/compliance/CMP-0003.pdf,EMP-004
CMP-0004,Compliance Requirement 4,State,2026-05-05,2026-11-05,compliant,/records/compliance/CMP-0004.pdf,EMP-005
CMP-0005,Compliance Requirement 5,OSHA,2026-06-06,2026-12-06,overdue,/records/compliance/CMP-0005.pdf,EMP-006
CMP-0006,Compliance Requirement 6,EPA,2026-07-07,2026-7-07,in_progress,/records/compliance/CMP-0006.pdf,EMP-007
CMP-0007,Compliance Requirement 7,IRS,2026-08-08,2026-8-08,exempt,/records/compliance/CMP-0007.pdf,EMP-008
CMP-0008,Compliance Requirement 8,DOL,2026-09-09,2026-9-09,compliant,/records/compliance/CMP-0008.pdf,EMP-009
CMP-0009,Compliance Requirement 9,State,2026-01-10,2026-10-10,overdue,/records/compliance/CMP-0009.pdf,EMP-010
CMP-0010,Compliance Requirement 10,OSHA,2026-02-11,2026-11-11,in_progress,/records/compliance/CMP-0010.pdf,EMP-011
CMP-0011,Compliance Requirement 11,EPA,2026-03-12,2026-12-12,exempt,/records/compliance/CMP-0011.pdf,EMP-012
CMP-0012,Compliance Requirement 12,IRS,2026-04-13,2026-7-13,compliant,/records/compliance/CMP-0012.pdf,EMP-013
CMP-0013,Compliance Requirement 13,DOL,2026-05-14,2026-8-14,overdue,/records/compliance/CMP-0013.pdf,EMP-014
CMP-0014,Compliance Requirement 14,State,2026-06-15,2026-9-15,in_progress,/records/compliance/CMP-0014.pdf,EMP-015
CMP-0015,Compliance Requirement 15,OSHA,2026-07-16,2026-10-16,exempt,/records/compliance/CMP-0015.pdf,EMP-016
CMP-0016,Compliance Requirement 16,EPA,2026-08-17,2026-11-17,compliant,/records/compliance/CMP-0016.pdf,EMP-017
CMP-0017,Compliance Requirement 17,IRS,2026-09-18,2026-12-18,overdue,/records/compliance/CMP-0017.pdf,EMP-018
CMP-0018,Compliance Requirement 18,DOL,2026-01-19,2026-7-19,in_progress,/records/compliance/CMP-0018.pdf,EMP-019
CMP-0019,Compliance Requirement 19,State,2026-02-20,2026-8-20,exempt,/records/compliance/CMP-0019.pdf,EMP-020
CMP-0020,Compliance Requirement 20,OSHA,2026-03-21,2026-9-21,compliant,/records/compliance/CMP-0020.pdf,EMP-021
CMP-0021,Compliance Requirement 21,EPA,2026-04-22,2026-10-22,overdue,/records/compliance/CMP-0021.pdf,EMP-022
CMP-0022,Compliance Requirement 22,IRS,2026-05-23,2026-11-23,in_progress,/records/compliance/CMP-0022.pdf,EMP-023
CMP-0023,Compliance Requirement 23,DOL,2026-06-24,2026-12-24,exempt,/records/compliance/CMP-0023.pdf,EMP-024
CMP-0024,Compliance Requirement 24,State,2026-07-25,2026-7-25,compliant,/records/compliance/CMP-0024.pdf,EMP-025
CMP-0025,Compliance Requirement 25,OSHA,2026-08-26,2026-8-26,overdue,/records/compliance/CMP-0025.pdf,EMP-026
CMP-0026,Compliance Requirement 26,EPA,2026-09-27,2026-9-27,in_progress,/records/compliance/CMP-0026.pdf,EMP-027
CMP-0027,Compliance Requirement 27,IRS,2026-01-28,2026-10-28,exempt,/records/compliance/CMP-0027.pdf,EMP-028
CMP-0028,Compliance Requirement 28,DOL,2026-02-01,2026-11-01,compliant,/records/compliance/CMP-0028.pdf,EMP-029
CMP-0029,Compliance Requirement 29,State,2026-03-02,2026-12-02,overdue,/records/compliance/CMP-0029.pdf,EMP-030
CMP-0030,Compliance Requirement 30,OSHA,2026-04-03,2026-7-03,in_progress,/records/compliance/CMP-0030.pdf,EMP-031
CMP-0031,Compliance Requirement 31,EPA,2026-05-04,2026-8-04,exempt,/records/compliance/CMP-0031.pdf,EMP-032
CMP-0032,Compliance Requirement 32,IRS,2026-06-05,2026-9-05,compliant,/records/compliance/CMP-0032.pdf,EMP-033
CMP-0033,Compliance Requirement 33,DOL,2026-07-06,2026-10-06,overdue,/records/compliance/CMP-0033.pdf,EMP-034
CMP-0034,Compliance Requirement 34,State,2026-08-07,2026-11-07,in_progress,/records/compliance/CMP-0034.pdf,EMP-035
CMP-0035,Compliance Requirement 35,OSHA,2026-09-08,2026-12-08,exempt,/records/compliance/CMP-0035.pdf,EMP-036
CMP-0036,Compliance Requirement 36,EPA,2026-01-09,2026-7-09,compliant,/records/compliance/CMP-0036.pdf,EMP-037
CMP-0037,Compliance Requirement 37,IRS,2026-02-10,2026-8-10,overdue,/records/compliance/CMP-0037.pdf,EMP-038
CMP-0038,Compliance Requirement 38,DOL,2026-03-11,2026-9-11,in_progress,/records/compliance/CMP-0038.pdf,EMP-039
CMP-0039,Compliance Requirement 39,State,2026-04-12,2026-10-12,exempt,/records/compliance/CMP-0039.pdf,EMP-040
CMP-0040,Compliance Requirement 40,OSHA,2026-05-13,2026-11-13,compliant,/records/compliance/CMP-0040.pdf,EMP-041
CMP-0041,Compliance Requirement 41,EPA,2026-06-14,2026-12-14,overdue,/records/compliance/CMP-0041.pdf,EMP-042
CMP-0042,Compliance Requirement 42,IRS,2026-07-15,2026-7-15,in_progress,/records/compliance/CMP-0042.pdf,EMP-043
CMP-0043,Compliance Requirement 43,DOL,2026-08-16,2026-8-16,exempt,/records/compliance/CMP-0043.pdf,EMP-044
CMP-0044,Compliance Requirement 44,State,2026-09-17,2026-9-17,compliant,/records/compliance/CMP-0044.pdf,EMP-045
CMP-0045,Compliance Requirement 45,OSHA,2026-01-18,2026-10-18,overdue,/records/compliance/CMP-0045.pdf,EMP-046
CMP-0046,Compliance Requirement 46,EPA,2026-02-19,2026-11-19,in_progress,/records/compliance/CMP-0046.pdf,EMP-047
CMP-0047,Compliance Requirement 47,IRS,2026-03-20,2026-12-20,exempt,/records/compliance/CMP-0047.pdf,EMP-048
CMP-0048,Compliance Requirement 48,DOL,2026-04-21,2026-7-21,compliant,/records/compliance/CMP-0048.pdf,EMP-049
CMP-0049,Compliance Requirement 49,State,2026-05-22,2026-8-22,overdue,/records/compliance/CMP-0049.pdf,EMP-050
CMP-0050,Compliance Requirement 50,OSHA,2026-06-23,2026-9-23,in_progress,/records/compliance/CMP-0050.pdf,EMP-001
CMP-0051,Compliance Requirement 51,EPA,2026-07-24,2026-10-24,exempt,/records/compliance/CMP-0051.pdf,EMP-002
CMP-0052,Compliance Requirement 52,IRS,2026-08-25,2026-11-25,compliant,/records/compliance/CMP-0052.pdf,EMP-003
CMP-0053,Compliance Requirement 53,DOL,2026-09-26,2026-12-26,overdue,/records/compliance/CMP-0053.pdf,EMP-004
CMP-0054,Compliance Requirement 54,State,2026-01-27,2026-7-27,in_progress,/records/compliance/CMP-0054.pdf,EMP-005
CMP-0055,Compliance Requirement 55,OSHA,2026-02-28,2026-8-28,exempt,/records/compliance/CMP-0055.pdf,EMP-006
CMP-0056,Compliance Requirement 56,EPA,2026-03-01,2026-9-01,compliant,/records/compliance/CMP-0056.pdf,EMP-007
CMP-0057,Compliance Requirement 57,IRS,2026-04-02,2026-10-02,overdue,/records/compliance/CMP-0057.pdf,EMP-008
CMP-0058,Compliance Requirement 58,DOL,2026-05-03,2026-11-03,in_progress,/records/compliance/CMP-0058.pdf,EMP-009
CMP-0059,Compliance Requirement 59,State,2026-06-04,2026-12-04,exempt,/records/compliance/CMP-0059.pdf,EMP-010
CMP-0060,Compliance Requirement 60,OSHA,2026-07-05,2026-7-05,compliant,/records/compliance/CMP-0060.pdf,EMP-011
CMP-0061,Compliance Requirement 61,EPA,2026-08-06,2026-8-06,overdue,/records/compliance/CMP-0061.pdf,EMP-012
CMP-0062,Compliance Requirement 62,IRS,2026-09-07,2026-9-07,in_progress,/records/compliance/CMP-0062.pdf,EMP-013
CMP-0063,Compliance Requirement 63,DOL,2026-01-08,2026-10-08,exempt,/records/compliance/CMP-0063.pdf,EMP-014
CMP-0064,Compliance Requirement 64,State,2026-02-09,2026-11-09,compliant,/records/compliance/CMP-0064.pdf,EMP-015
CMP-0065,Compliance Requirement 65,OSHA,2026-03-10,2026-12-10,overdue,/records/compliance/CMP-0065.pdf,EMP-016
CMP-0066,Compliance Requirement 66,EPA,2026-04-11,2026-7-11,in_progress,/records/compliance/CMP-0066.pdf,EMP-017
CMP-0067,Compliance Requirement 67,IRS,2026-05-12,2026-8-12,exempt,/records/compliance/CMP-0067.pdf,EMP-018
CMP-0068,Compliance Requirement 68,DOL,2026-06-13,2026-9-13,compliant,/records/compliance/CMP-0068.pdf,EMP-019
CMP-0069,Compliance Requirement 69,State,2026-07-14,2026-10-14,overdue,/records/compliance/CMP-0069.pdf,EMP-020
CMP-0070,Compliance Requirement 70,OSHA,2026-08-15,2026-11-15,in_progress,/records/compliance/CMP-0070.pdf,EMP-021
CMP-0071,Compliance Requirement 71,EPA,2026-09-16,2026-12-16,exempt,/records/compliance/CMP-0071.pdf,EMP-022
CMP-0072,Compliance Requirement 72,IRS,2026-01-17,2026-7-17,compliant,/records/compliance/CMP-0072.pdf,EMP-023
CMP-0073,Compliance Requirement 73,DOL,2026-02-18,2026-8-18,overdue,/records/compliance/CMP-0073.pdf,EMP-024
CMP-0074,Compliance Requirement 74,State,2026-03-19,2026-9-19,in_progress,/records/compliance/CMP-0074.pdf,EMP-025
CMP-0075,Compliance Requirement 75,OSHA,2026-04-20,2026-10-20,exempt,/records/compliance/CMP-0075.pdf,EMP-026
CMP-0076,Compliance Requirement 76,EPA,2026-05-21,2026-11-21,compliant,/records/compliance/CMP-0076.pdf,EMP-027
CMP-0077,Compliance Requirement 77,IRS,2026-06-22,2026-12-22,overdue,/records/compliance/CMP-0077.pdf,EMP-028
CMP-0078,Compliance Requirement 78,DOL,2026-07-23,2026-7-23,in_progress,/records/compliance/CMP-0078.pdf,EMP-029
CMP-0079,Compliance Requirement 79,State,2026-08-24,2026-8-24,exempt,/records/compliance/CMP-0079.pdf,EMP-030
CMP-0080,Compliance Requirement 80,OSHA,2026-09-25,2026-9-25,compliant,/records/compliance/CMP-0080.pdf,EMP-031
CMP-0081,Compliance Requirement 81,EPA,2026-01-26,2026-10-26,overdue,/records/compliance/CMP-0081.pdf,EMP-032
CMP-0082,Compliance Requirement 82,IRS,2026-02-27,2026-11-27,in_progress,/records/compliance/CMP-0082.pdf,EMP-033
CMP-0083,Compliance Requirement 83,DOL,2026-03-28,2026-12-28,exempt,/records/compliance/CMP-0083.pdf,EMP-034
CMP-0084,Compliance Requirement 84,State,2026-04-01,2026-7-01,compliant,/records/compliance/CMP-0084.pdf,EMP-035
CMP-0085,Compliance Requirement 85,OSHA,2026-05-02,2026-8-02,overdue,/records/compliance/CMP-0085.pdf,EMP-036
CMP-0086,Compliance Requirement 86,EPA,2026-06-03,2026-9-03,in_progress,/records/compliance/CMP-0086.pdf,EMP-037
CMP-0087,Compliance Requirement 87,IRS,2026-07-04,2026-10-04,exempt,/records/compliance/CMP-0087.pdf,EMP-038
CMP-0088,Compliance Requirement 88,DOL,2026-08-05,2026-11-05,compliant,/records/compliance/CMP-0088.pdf,EMP-039
CMP-0089,Compliance Requirement 89,State,2026-09-06,2026-12-06,overdue,/records/compliance/CMP-0089.pdf,EMP-040
CMP-0090,Compliance Requirement 90,OSHA,2026-01-07,2026-7-07,in_progress,/records/compliance/CMP-0090.pdf,EMP-041
CMP-0091,Compliance Requirement 91,EPA,2026-02-08,2026-8-08,exempt,/records/compliance/CMP-0091.pdf,EMP-042
CMP-0092,Compliance Requirement 92,IRS,2026-03-09,2026-9-09,compliant,/records/compliance/CMP-0092.pdf,EMP-043
CMP-0093,Compliance Requirement 93,DOL,2026-04-10,2026-10-10,overdue,/records/compliance/CMP-0093.pdf,EMP-044
CMP-0094,Compliance Requirement 94,State,2026-05-11,2026-11-11,in_progress,/records/compliance/CMP-0094.pdf,EMP-045
CMP-0095,Compliance Requirement 95,OSHA,2026-06-12,2026-12-12,exempt,/records/compliance/CMP-0095.pdf,EMP-046
CMP-0096,Compliance Requirement 96,EPA,2026-07-13,2026-7-13,compliant,/records/compliance/CMP-0096.pdf,EMP-047
CMP-0097,Compliance Requirement 97,IRS,2026-08-14,2026-8-14,overdue,/records/compliance/CMP-0097.pdf,EMP-048
CMP-0098,Compliance Requirement 98,DOL,2026-09-15,2026-9-15,in_progress,/records/compliance/CMP-0098.pdf,EMP-049
CMP-0099,Compliance Requirement 99,State,2026-01-16,2026-10-16,exempt,/records/compliance/CMP-0099.pdf,EMP-050
CMP-0100,Compliance Requirement 100,OSHA,2026-02-17,2026-11-17,compliant,/records/compliance/CMP-0100.pdf,EMP-001
CMP-0101,Compliance Requirement 101,EPA,2026-03-18,2026-12-18,overdue,/records/compliance/CMP-0101.pdf,EMP-002
CMP-0102,Compliance Requirement 102,IRS,2026-04-19,2026-7-19,in_progress,/records/compliance/CMP-0102.pdf,EMP-003
CMP-0103,Compliance Requirement 103,DOL,2026-05-20,2026-8-20,exempt,/records/compliance/CMP-0103.pdf,EMP-004
CMP-0104,Compliance Requirement 104,State,2026-06-21,2026-9-21,compliant,/records/compliance/CMP-0104.pdf,EMP-005
CMP-0105,Compliance Requirement 105,OSHA,2026-07-22,2026-10-22,overdue,/records/compliance/CMP-0105.pdf,EMP-006
CMP-0106,Compliance Requirement 106,EPA,2026-08-23,2026-11-23,in_progress,/records/compliance/CMP-0106.pdf,EMP-007
CMP-0107,Compliance Requirement 107,IRS,2026-09-24,2026-12-24,exempt,/records/compliance/CMP-0107.pdf,EMP-008
CMP-0108,Compliance Requirement 108,DOL,2026-01-25,2026-7-25,compliant,/records/compliance/CMP-0108.pdf,EMP-009
CMP-0109,Compliance Requirement 109,State,2026-02-26,2026-8-26,overdue,/records/compliance/CMP-0109.pdf,EMP-010
CMP-0110,Compliance Requirement 110,OSHA,2026-03-27,2026-9-27,in_progress,/records/compliance/CMP-0110.pdf,EMP-011
CMP-0111,Compliance Requirement 111,EPA,2026-04-28,2026-10-28,exempt,/records/compliance/CMP-0111.pdf,EMP-012
CMP-0112,Compliance Requirement 112,IRS,2026-05-01,2026-11-01,compliant,/records/compliance/CMP-0112.pdf,EMP-013
CMP-0113,Compliance Requirement 113,DOL,2026-06-02,2026-12-02,overdue,/records/compliance/CMP-0113.pdf,EMP-014
CMP-0114,Compliance Requirement 114,State,2026-07-03,2026-7-03,in_progress,/records/compliance/CMP-0114.pdf,EMP-015
CMP-0115,Compliance Requirement 115,OSHA,2026-08-04,2026-8-04,exempt,/records/compliance/CMP-0115.pdf,EMP-016
CMP-0116,Compliance Requirement 116,EPA,2026-09-05,2026-9-05,compliant,/records/compliance/CMP-0116.pdf,EMP-017
CMP-0117,Compliance Requirement 117,IRS,2026-01-06,2026-10-06,overdue,/records/compliance/CMP-0117.pdf,EMP-018
CMP-0118,Compliance Requirement 118,DOL,2026-02-07,2026-11-07,in_progress,/records/compliance/CMP-0118.pdf,EMP-019
CMP-0119,Compliance Requirement 119,State,2026-03-08,2026-12-08,exempt,/records/compliance/CMP-0119.pdf,EMP-020
CMP-0120,Compliance Requirement 120,OSHA,2026-04-09,2026-7-09,compliant,/records/compliance/CMP-0120.pdf,EMP-021
CMP-0121,Compliance Requirement 121,EPA,2026-05-10,2026-8-10,overdue,/records/compliance/CMP-0121.pdf,EMP-022
CMP-0122,Compliance Requirement 122,IRS,2026-06-11,2026-9-11,in_progress,/records/compliance/CMP-0122.pdf,EMP-023
CMP-0123,Compliance Requirement 123,DOL,2026-07-12,2026-10-12,exempt,/records/compliance/CMP-0123.pdf,EMP-024
CMP-0124,Compliance Requirement 124,State,2026-08-13,2026-11-13,compliant,/records/compliance/CMP-0124.pdf,EMP-025
CMP-0125,Compliance Requirement 125,OSHA,2026-09-14,2026-12-14,overdue,/records/compliance/CMP-0125.pdf,EMP-026
CMP-0126,Compliance Requirement 126,EPA,2026-01-15,2026-7-15,in_progress,/records/compliance/CMP-0126.pdf,EMP-027
CMP-0127,Compliance Requirement 127,IRS,2026-02-16,2026-8-16,exempt,/records/compliance/CMP-0127.pdf,EMP-028
CMP-0128,Compliance Requirement 128,DOL,2026-03-17,2026-9-17,compliant,/records/compliance/CMP-0128.pdf,EMP-029
CMP-0129,Compliance Requirement 129,State,2026-04-18,2026-10-18,overdue,/records/compliance/CMP-0129.pdf,EMP-030
CMP-0130,Compliance Requirement 130,OSHA,2026-05-19,2026-11-19,in_progress,/records/compliance/CMP-0130.pdf,EMP-031
CMP-0131,Compliance Requirement 131,EPA,2026-06-20,2026-12-20,exempt,/records/compliance/CMP-0131.pdf,EMP-032
CMP-0132,Compliance Requirement 132,IRS,2026-07-21,2026-7-21,compliant,/records/compliance/CMP-0132.pdf,EMP-033
CMP-0133,Compliance Requirement 133,DOL,2026-08-22,2026-8-22,overdue,/records/compliance/CMP-0133.pdf,EMP-034
CMP-0134,Compliance Requirement 134,State,2026-09-23,2026-9-23,in_progress,/records/compliance/CMP-0134.pdf,EMP-035
CMP-0135,Compliance Requirement 135,OSHA,2026-01-24,2026-10-24,exempt,/records/compliance/CMP-0135.pdf,EMP-036
CMP-0136,Compliance Requirement 136,EPA,2026-02-25,2026-11-25,compliant,/records/compliance/CMP-0136.pdf,EMP-037
CMP-0137,Compliance Requirement 137,IRS,2026-03-26,2026-12-26,overdue,/records/compliance/CMP-0137.pdf,EMP-038
CMP-0138,Compliance Requirement 138,DOL,2026-04-27,2026-7-27,in_progress,/records/compliance/CMP-0138.pdf,EMP-039
CMP-0139,Compliance Requirement 139,State,2026-05-28,2026-8-28,exempt,/records/compliance/CMP-0139.pdf,EMP-040
CMP-0140,Compliance Requirement 140,OSHA,2026-06-01,2026-9-01,compliant,/records/compliance/CMP-0140.pdf,EMP-041
CMP-0141,Compliance Requirement 141,EPA,2026-07-02,2026-10-02,overdue,/records/compliance/CMP-0141.pdf,EMP-042
CMP-0142,Compliance Requirement 142,IRS,2026-08-03,2026-11-03,in_progress,/records/compliance/CMP-0142.pdf,EMP-043
CMP-0143,Compliance Requirement 143,DOL,2026-09-04,2026-12-04,exempt,/records/compliance/CMP-0143.pdf,EMP-044
CMP-0144,Compliance Requirement 144,State,2026-01-05,2026-7-05,compliant,/records/compliance/CMP-0144.pdf,EMP-045
CMP-0145,Compliance Requirement 145,OSHA,2026-02-06,2026-8-06,overdue,/records/compliance/CMP-0145.pdf,EMP-046
CMP-0146,Compliance Requirement 146,EPA,2026-03-07,2026-9-07,in_progress,/records/compliance/CMP-0146.pdf,EMP-047
CMP-0147,Compliance Requirement 147,IRS,2026-04-08,2026-10-08,exempt,/records/compliance/CMP-0147.pdf,EMP-048
CMP-0148,Compliance Requirement 148,DOL,2026-05-09,2026-11-09,compliant,/records/compliance/CMP-0148.pdf,EMP-049
CMP-0149,Compliance Requirement 149,State,2026-06-10,2026-12-10,overdue,/records/compliance/CMP-0149.pdf,EMP-050
CMP-0150,Compliance Requirement 150,OSHA,2026-07-11,2026-7-11,in_progress,/records/compliance/CMP-0150.pdf,EMP-001
CMP-0151,Compliance Requirement 151,EPA,2026-08-12,2026-8-12,exempt,/records/compliance/CMP-0151.pdf,EMP-002
CMP-0152,Compliance Requirement 152,IRS,2026-09-13,2026-9-13,compliant,/records/compliance/CMP-0152.pdf,EMP-003
CMP-0153,Compliance Requirement 153,DOL,2026-01-14,2026-10-14,overdue,/records/compliance/CMP-0153.pdf,EMP-004
CMP-0154,Compliance Requirement 154,State,2026-02-15,2026-11-15,in_progress,/records/compliance/CMP-0154.pdf,EMP-005
CMP-0155,Compliance Requirement 155,OSHA,2026-03-16,2026-12-16,exempt,/records/compliance/CMP-0155.pdf,EMP-006
CMP-0156,Compliance Requirement 156,EPA,2026-04-17,2026-7-17,compliant,/records/compliance/CMP-0156.pdf,EMP-007
CMP-0157,Compliance Requirement 157,IRS,2026-05-18,2026-8-18,overdue,/records/compliance/CMP-0157.pdf,EMP-008
CMP-0158,Compliance Requirement 158,DOL,2026-06-19,2026-9-19,in_progress,/records/compliance/CMP-0158.pdf,EMP-009
CMP-0159,Compliance Requirement 159,State,2026-07-20,2026-10-20,exempt,/records/compliance/CMP-0159.pdf,EMP-010
CMP-0160,Compliance Requirement 160,OSHA,2026-08-21,2026-11-21,compliant,/records/compliance/CMP-0160.pdf,EMP-011
CMP-0161,Compliance Requirement 161,EPA,2026-09-22,2026-12-22,overdue,/records/compliance/CMP-0161.pdf,EMP-012
CMP-0162,Compliance Requirement 162,IRS,2026-01-23,2026-7-23,in_progress,/records/compliance/CMP-0162.pdf,EMP-013
CMP-0163,Compliance Requirement 163,DOL,2026-02-24,2026-8-24,exempt,/records/compliance/CMP-0163.pdf,EMP-014
CMP-0164,Compliance Requirement 164,State,2026-03-25,2026-9-25,compliant,/records/compliance/CMP-0164.pdf,EMP-015
CMP-0165,Compliance Requirement 165,OSHA,2026-04-26,2026-10-26,overdue,/records/compliance/CMP-0165.pdf,EMP-016
CMP-0166,Compliance Requirement 166,EPA,2026-05-27,2026-11-27,in_progress,/records/compliance/CMP-0166.pdf,EMP-017
CMP-0167,Compliance Requirement 167,IRS,2026-06-28,2026-12-28,exempt,/records/compliance/CMP-0167.pdf,EMP-018
CMP-0168,Compliance Requirement 168,DOL,2026-07-01,2026-7-01,compliant,/records/compliance/CMP-0168.pdf,EMP-019
CMP-0169,Compliance Requirement 169,State,2026-08-02,2026-8-02,overdue,/records/compliance/CMP-0169.pdf,EMP-020
CMP-0170,Compliance Requirement 170,OSHA,2026-09-03,2026-9-03,in_progress,/records/compliance/CMP-0170.pdf,EMP-021
CMP-0171,Compliance Requirement 171,EPA,2026-01-04,2026-10-04,exempt,/records/compliance/CMP-0171.pdf,EMP-022
CMP-0172,Compliance Requirement 172,IRS,2026-02-05,2026-11-05,compliant,/records/compliance/CMP-0172.pdf,EMP-023
CMP-0173,Compliance Requirement 173,DOL,2026-03-06,2026-12-06,overdue,/records/compliance/CMP-0173.pdf,EMP-024
CMP-0174,Compliance Requirement 174,State,2026-04-07,2026-7-07,in_progress,/records/compliance/CMP-0174.pdf,EMP-025
CMP-0175,Compliance Requirement 175,OSHA,2026-05-08,2026-8-08,exempt,/records/compliance/CMP-0175.pdf,EMP-026
CMP-0176,Compliance Requirement 176,EPA,2026-06-09,2026-9-09,compliant,/records/compliance/CMP-0176.pdf,EMP-027
CMP-0177,Compliance Requirement 177,IRS,2026-07-10,2026-10-10,overdue,/records/compliance/CMP-0177.pdf,EMP-028
CMP-0178,Compliance Requirement 178,DOL,2026-08-11,2026-11-11,in_progress,/records/compliance/CMP-0178.pdf,EMP-029
CMP-0179,Compliance Requirement 179,State,2026-09-12,2026-12-12,exempt,/records/compliance/CMP-0179.pdf,EMP-030
CMP-0180,Compliance Requirement 180,OSHA,2026-01-13,2026-7-13,compliant,/records/compliance/CMP-0180.pdf,EMP-031
CMP-0181,Compliance Requirement 181,EPA,2026-02-14,2026-8-14,overdue,/records/compliance/CMP-0181.pdf,EMP-032
CMP-0182,Compliance Requirement 182,IRS,2026-03-15,2026-9-15,in_progress,/records/compliance/CMP-0182.pdf,EMP-033
CMP-0183,Compliance Requirement 183,DOL,2026-04-16,2026-10-16,exempt,/records/compliance/CMP-0183.pdf,EMP-034
CMP-0184,Compliance Requirement 184,State,2026-05-17,2026-11-17,compliant,/records/compliance/CMP-0184.pdf,EMP-035
CMP-0185,Compliance Requirement 185,OSHA,2026-06-18,2026-12-18,overdue,/records/compliance/CMP-0185.pdf,EMP-036
CMP-0186,Compliance Requirement 186,EPA,2026-07-19,2026-7-19,in_progress,/records/compliance/CMP-0186.pdf,EMP-037
CMP-0187,Compliance Requirement 187,IRS,2026-08-20,2026-8-20,exempt,/records/compliance/CMP-0187.pdf,EMP-038
CMP-0188,Compliance Requirement 188,DOL,2026-09-21,2026-9-21,compliant,/records/compliance/CMP-0188.pdf,EMP-039
CMP-0189,Compliance Requirement 189,State,2026-01-22,2026-10-22,overdue,/records/compliance/CMP-0189.pdf,EMP-040
CMP-0190,Compliance Requirement 190,OSHA,2026-02-23,2026-11-23,in_progress,/records/compliance/CMP-0190.pdf,EMP-041
CMP-0191,Compliance Requirement 191,EPA,2026-03-24,2026-12-24,exempt,/records/compliance/CMP-0191.pdf,EMP-042
CMP-0192,Compliance Requirement 192,IRS,2026-04-25,2026-7-25,compliant,/records/compliance/CMP-0192.pdf,EMP-043
CMP-0193,Compliance Requirement 193,DOL,2026-05-26,2026-8-26,overdue,/records/compliance/CMP-0193.pdf,EMP-044
CMP-0194,Compliance Requirement 194,State,2026-06-27,2026-9-27,in_progress,/records/compliance/CMP-0194.pdf,EMP-045
CMP-0195,Compliance Requirement 195,OSHA,2026-07-28,2026-10-28,exempt,/records/compliance/CMP-0195.pdf,EMP-046
CMP-0196,Compliance Requirement 196,EPA,2026-08-01,2026-11-01,compliant,/records/compliance/CMP-0196.pdf,EMP-047
CMP-0197,Compliance Requirement 197,IRS,2026-09-02,2026-12-02,overdue,/records/compliance/CMP-0197.pdf,EMP-048
CMP-0198,Compliance Requirement 198,DOL,2026-01-03,2026-7-03,in_progress,/records/compliance/CMP-0198.pdf,EMP-049
CMP-0199,Compliance Requirement 199,State,2026-02-04,2026-8-04,exempt,/records/compliance/CMP-0199.pdf,EMP-050
CMP-0200,Compliance Requirement 200,OSHA,2026-03-05,2026-9-05,compliant,/records/compliance/CMP-0200.pdf,EMP-001
CMP-0201,Compliance Requirement 201,EPA,2026-04-06,2026-10-06,overdue,/records/compliance/CMP-0201.pdf,EMP-002
CMP-0202,Compliance Requirement 202,IRS,2026-05-07,2026-11-07,in_progress,/records/compliance/CMP-0202.pdf,EMP-003
CMP-0203,Compliance Requirement 203,DOL,2026-06-08,2026-12-08,exempt,/records/compliance/CMP-0203.pdf,EMP-004
CMP-0204,Compliance Requirement 204,State,2026-07-09,2026-7-09,compliant,/records/compliance/CMP-0204.pdf,EMP-005
CMP-0205,Compliance Requirement 205,OSHA,2026-08-10,2026-8-10,overdue,/records/compliance/CMP-0205.pdf,EMP-006
CMP-0206,Compliance Requirement 206,EPA,2026-09-11,2026-9-11,in_progress,/records/compliance/CMP-0206.pdf,EMP-007
CMP-0207,Compliance Requirement 207,IRS,2026-01-12,2026-10-12,exempt,/records/compliance/CMP-0207.pdf,EMP-008
CMP-0208,Compliance Requirement 208,DOL,2026-02-13,2026-11-13,compliant,/records/compliance/CMP-0208.pdf,EMP-009
CMP-0209,Compliance Requirement 209,State,2026-03-14,2026-12-14,overdue,/records/compliance/CMP-0209.pdf,EMP-010
CMP-0210,Compliance Requirement 210,OSHA,2026-04-15,2026-7-15,in_progress,/records/compliance/CMP-0210.pdf,EMP-011
CMP-0211,Compliance Requirement 211,EPA,2026-05-16,2026-8-16,exempt,/records/compliance/CMP-0211.pdf,EMP-012
CMP-0212,Compliance Requirement 212,IRS,2026-06-17,2026-9-17,compliant,/records/compliance/CMP-0212.pdf,EMP-013
CMP-0213,Compliance Requirement 213,DOL,2026-07-18,2026-10-18,overdue,/records/compliance/CMP-0213.pdf,EMP-014
CMP-0214,Compliance Requirement 214,State,2026-08-19,2026-11-19,in_progress,/records/compliance/CMP-0214.pdf,EMP-015
CMP-0215,Compliance Requirement 215,OSHA,2026-09-20,2026-12-20,exempt,/records/compliance/CMP-0215.pdf,EMP-016
CMP-0216,Compliance Requirement 216,EPA,2026-01-21,2026-7-21,compliant,/records/compliance/CMP-0216.pdf,EMP-017
CMP-0217,Compliance Requirement 217,IRS,2026-02-22,2026-8-22,overdue,/records/compliance/CMP-0217.pdf,EMP-018
CMP-0218,Compliance Requirement 218,DOL,2026-03-23,2026-9-23,in_progress,/records/compliance/CMP-0218.pdf,EMP-019
CMP-0219,Compliance Requirement 219,State,2026-04-24,2026-10-24,exempt,/records/compliance/CMP-0219.pdf,EMP-020
CMP-0220,Compliance Requirement 220,OSHA,2026-05-25,2026-11-25,compliant,/records/compliance/CMP-0220.pdf,EMP-021
CMP-0221,Compliance Requirement 221,EPA,2026-06-26,2026-12-26,overdue,/records/compliance/CMP-0221.pdf,EMP-022
CMP-0222,Compliance Requirement 222,IRS,2026-07-27,2026-7-27,in_progress,/records/compliance/CMP-0222.pdf,EMP-023
CMP-0223,Compliance Requirement 223,DOL,2026-08-28,2026-8-28,exempt,/records/compliance/CMP-0223.pdf,EMP-024
CMP-0224,Compliance Requirement 224,State,2026-09-01,2026-9-01,compliant,/records/compliance/CMP-0224.pdf,EMP-025
CMP-0225,Compliance Requirement 225,OSHA,2026-01-02,2026-10-02,overdue,/records/compliance/CMP-0225.pdf,EMP-026
CMP-0226,Compliance Requirement 226,EPA,2026-02-03,2026-11-03,in_progress,/records/compliance/CMP-0226.pdf,EMP-027
CMP-0227,Compliance Requirement 227,IRS,2026-03-04,2026-12-04,exempt,/records/compliance/CMP-0227.pdf,EMP-028
CMP-0228,Compliance Requirement 228,DOL,2026-04-05,2026-7-05,compliant,/records/compliance/CMP-0228.pdf,EMP-029
CMP-0229,Compliance Requirement 229,State,2026-05-06,2026-8-06,overdue,/records/compliance/CMP-0229.pdf,EMP-030
CMP-0230,Compliance Requirement 230,OSHA,2026-06-07,2026-9-07,in_progress,/records/compliance/CMP-0230.pdf,EMP-031
CMP-0231,Compliance Requirement 231,EPA,2026-07-08,2026-10-08,exempt,/records/compliance/CMP-0231.pdf,EMP-032
CMP-0232,Compliance Requirement 232,IRS,2026-08-09,2026-11-09,compliant,/records/compliance/CMP-0232.pdf,EMP-033
CMP-0233,Compliance Requirement 233,DOL,2026-09-10,2026-12-10,overdue,/records/compliance/CMP-0233.pdf,EMP-034
CMP-0234,Compliance Requirement 234,State,2026-01-11,2026-7-11,in_progress,/records/compliance/CMP-0234.pdf,EMP-035
CMP-0235,Compliance Requirement 235,OSHA,2026-02-12,2026-8-12,exempt,/records/compliance/CMP-0235.pdf,EMP-036
CMP-0236,Compliance Requirement 236,EPA,2026-03-13,2026-9-13,compliant,/records/compliance/CMP-0236.pdf,EMP-037
CMP-0237,Compliance Requirement 237,IRS,2026-04-14,2026-10-14,overdue,/records/compliance/CMP-0237.pdf,EMP-038
CMP-0238,Compliance Requirement 238,DOL,2026-05-15,2026-11-15,in_progress,/records/compliance/CMP-0238.pdf,EMP-039
CMP-0239,Compliance Requirement 239,State,2026-06-16,2026-12-16,exempt,/records/compliance/CMP-0239.pdf,EMP-040
CMP-0240,Compliance Requirement 240,OSHA,2026-07-17,2026-7-17,compliant,/records/compliance/CMP-0240.pdf,EMP-041
CMP-0241,Compliance Requirement 241,EPA,2026-08-18,2026-8-18,overdue,/records/compliance/CMP-0241.pdf,EMP-042
CMP-0242,Compliance Requirement 242,IRS,2026-09-19,2026-9-19,in_progress,/records/compliance/CMP-0242.pdf,EMP-043
CMP-0243,Compliance Requirement 243,DOL,2026-01-20,2026-10-20,exempt,/records/compliance/CMP-0243.pdf,EMP-044
CMP-0244,Compliance Requirement 244,State,2026-02-21,2026-11-21,compliant,/records/compliance/CMP-0244.pdf,EMP-045
CMP-0245,Compliance Requirement 245,OSHA,2026-03-22,2026-12-22,overdue,/records/compliance/CMP-0245.pdf,EMP-046
CMP-0246,Compliance Requirement 246,EPA,2026-04-23,2026-7-23,in_progress,/records/compliance/CMP-0246.pdf,EMP-047
CMP-0247,Compliance Requirement 247,IRS,2026-05-24,2026-8-24,exempt,/records/compliance/CMP-0247.pdf,EMP-048
CMP-0248,Compliance Requirement 248,DOL,2026-06-25,2026-9-25,compliant,/records/compliance/CMP-0248.pdf,EMP-049
CMP-0249,Compliance Requirement 249,State,2026-07-26,2026-10-26,overdue,/records/compliance/CMP-0249.pdf,EMP-050
CMP-0250,Compliance Requirement 250,OSHA,2026-08-27,2026-11-27,in_progress,/records/compliance/CMP-0250.pdf,EMP-001
CMP-0251,Compliance Requirement 251,EPA,2026-09-28,2026-12-28,exempt,/records/compliance/CMP-0251.pdf,EMP-002
CMP-0252,Compliance Requirement 252,IRS,2026-01-01,2026-7-01,compliant,/records/compliance/CMP-0252.pdf,EMP-003
CMP-0253,Compliance Requirement 253,DOL,2026-02-02,2026-8-02,overdue,/records/compliance/CMP-0253.pdf,EMP-004
CMP-0254,Compliance Requirement 254,State,2026-03-03,2026-9-03,in_progress,/records/compliance/CMP-0254.pdf,EMP-005
CMP-0255,Compliance Requirement 255,OSHA,2026-04-04,2026-10-04,exempt,/records/compliance/CMP-0255.pdf,EMP-006
CMP-0256,Compliance Requirement 256,EPA,2026-05-05,2026-11-05,compliant,/records/compliance/CMP-0256.pdf,EMP-007
CMP-0257,Compliance Requirement 257,IRS,2026-06-06,2026-12-06,overdue,/records/compliance/CMP-0257.pdf,EMP-008
CMP-0258,Compliance Requirement 258,DOL,2026-07-07,2026-7-07,in_progress,/records/compliance/CMP-0258.pdf,EMP-009
CMP-0259,Compliance Requirement 259,State,2026-08-08,2026-8-08,exempt,/records/compliance/CMP-0259.pdf,EMP-010
CMP-0260,Compliance Requirement 260,OSHA,2026-09-09,2026-9-09,compliant,/records/compliance/CMP-0260.pdf,EMP-011
CMP-0261,Compliance Requirement 261,EPA,2026-01-10,2026-10-10,overdue,/records/compliance/CMP-0261.pdf,EMP-012
CMP-0262,Compliance Requirement 262,IRS,2026-02-11,2026-11-11,in_progress,/records/compliance/CMP-0262.pdf,EMP-013
CMP-0263,Compliance Requirement 263,DOL,2026-03-12,2026-12-12,exempt,/records/compliance/CMP-0263.pdf,EMP-014
CMP-0264,Compliance Requirement 264,State,2026-04-13,2026-7-13,compliant,/records/compliance/CMP-0264.pdf,EMP-015
CMP-0265,Compliance Requirement 265,OSHA,2026-05-14,2026-8-14,overdue,/records/compliance/CMP-0265.pdf,EMP-016
CMP-0266,Compliance Requirement 266,EPA,2026-06-15,2026-9-15,in_progress,/records/compliance/CMP-0266.pdf,EMP-017
CMP-0267,Compliance Requirement 267,IRS,2026-07-16,2026-10-16,exempt,/records/compliance/CMP-0267.pdf,EMP-018
CMP-0268,Compliance Requirement 268,DOL,2026-08-17,2026-11-17,compliant,/records/compliance/CMP-0268.pdf,EMP-019
CMP-0269,Compliance Requirement 269,State,2026-09-18,2026-12-18,overdue,/records/compliance/CMP-0269.pdf,EMP-020
CMP-0270,Compliance Requirement 270,OSHA,2026-01-19,2026-7-19,in_progress,/records/compliance/CMP-0270.pdf,EMP-021
CMP-0271,Compliance Requirement 271,EPA,2026-02-20,2026-8-20,exempt,/records/compliance/CMP-0271.pdf,EMP-022
CMP-0272,Compliance Requirement 272,IRS,2026-03-21,2026-9-21,compliant,/records/compliance/CMP-0272.pdf,EMP-023
CMP-0273,Compliance Requirement 273,DOL,2026-04-22,2026-10-22,overdue,/records/compliance/CMP-0273.pdf,EMP-024
CMP-0274,Compliance Requirement 274,State,2026-05-23,2026-11-23,in_progress,/records/compliance/CMP-0274.pdf,EMP-025
CMP-0275,Compliance Requirement 275,OSHA,2026-06-24,2026-12-24,exempt,/records/compliance/CMP-0275.pdf,EMP-026
CMP-0276,Compliance Requirement 276,EPA,2026-07-25,2026-7-25,compliant,/records/compliance/CMP-0276.pdf,EMP-027
CMP-0277,Compliance Requirement 277,IRS,2026-08-26,2026-8-26,overdue,/records/compliance/CMP-0277.pdf,EMP-028
CMP-0278,Compliance Requirement 278,DOL,2026-09-27,2026-9-27,in_progress,/records/compliance/CMP-0278.pdf,EMP-029
CMP-0279,Compliance Requirement 279,State,2026-01-28,2026-10-28,exempt,/records/compliance/CMP-0279.pdf,EMP-030
CMP-0280,Compliance Requirement 280,OSHA,2026-02-01,2026-11-01,compliant,/records/compliance/CMP-0280.pdf,EMP-031
CMP-0281,Compliance Requirement 281,EPA,2026-03-02,2026-12-02,overdue,/records/compliance/CMP-0281.pdf,EMP-032
CMP-0282,Compliance Requirement 282,IRS,2026-04-03,2026-7-03,in_progress,/records/compliance/CMP-0282.pdf,EMP-033
CMP-0283,Compliance Requirement 283,DOL,2026-05-04,2026-8-04,exempt,/records/compliance/CMP-0283.pdf,EMP-034
CMP-0284,Compliance Requirement 284,State,2026-06-05,2026-9-05,compliant,/records/compliance/CMP-0284.pdf,EMP-035
CMP-0285,Compliance Requirement 285,OSHA,2026-07-06,2026-10-06,overdue,/records/compliance/CMP-0285.pdf,EMP-036
CMP-0286,Compliance Requirement 286,EPA,2026-08-07,2026-11-07,in_progress,/records/compliance/CMP-0286.pdf,EMP-037
CMP-0287,Compliance Requirement 287,IRS,2026-09-08,2026-12-08,exempt,/records/compliance/CMP-0287.pdf,EMP-038
CMP-0288,Compliance Requirement 288,DOL,2026-01-09,2026-7-09,compliant,/records/compliance/CMP-0288.pdf,EMP-039
CMP-0289,Compliance Requirement 289,State,2026-02-10,2026-8-10,overdue,/records/compliance/CMP-0289.pdf,EMP-040
CMP-0290,Compliance Requirement 290,OSHA,2026-03-11,2026-9-11,in_progress,/records/compliance/CMP-0290.pdf,EMP-041
CMP-0291,Compliance Requirement 291,EPA,2026-04-12,2026-10-12,exempt,/records/compliance/CMP-0291.pdf,EMP-042
CMP-0292,Compliance Requirement 292,IRS,2026-05-13,2026-11-13,compliant,/records/compliance/CMP-0292.pdf,EMP-043
CMP-0293,Compliance Requirement 293,DOL,2026-06-14,2026-12-14,overdue,/records/compliance/CMP-0293.pdf,EMP-044
CMP-0294,Compliance Requirement 294,State,2026-07-15,2026-7-15,in_progress,/records/compliance/CMP-0294.pdf,EMP-045
CMP-0295,Compliance Requirement 295,OSHA,2026-08-16,2026-8-16,exempt,/records/compliance/CMP-0295.pdf,EMP-046
CMP-0296,Compliance Requirement 296,EPA,2026-09-17,2026-9-17,compliant,/records/compliance/CMP-0296.pdf,EMP-047
CMP-0297,Compliance Requirement 297,IRS,2026-01-18,2026-10-18,overdue,/records/compliance/CMP-0297.pdf,EMP-048
CMP-0298,Compliance Requirement 298,DOL,2026-02-19,2026-11-19,in_progress,/records/compliance/CMP-0298.pdf,EMP-049
CMP-0299,Compliance Requirement 299,State,2026-03-20,2026-12-20,exempt,/records/compliance/CMP-0299.pdf,EMP-050
CMP-0300,Compliance Requirement 300,OSHA,2026-04-21,2026-7-21,compliant,/records/compliance/CMP-0300.pdf,EMP-001
CMP-0301,Compliance Requirement 301,EPA,2026-05-22,2026-8-22,overdue,/records/compliance/CMP-0301.pdf,EMP-002
CMP-0302,Compliance Requirement 302,IRS,2026-06-23,2026-9-23,in_progress,/records/compliance/CMP-0302.pdf,EMP-003
CMP-0303,Compliance Requirement 303,DOL,2026-07-24,2026-10-24,exempt,/records/compliance/CMP-0303.pdf,EMP-004
CMP-0304,Compliance Requirement 304,State,2026-08-25,2026-11-25,compliant,/records/compliance/CMP-0304.pdf,EMP-005
CMP-0305,Compliance Requirement 305,OSHA,2026-09-26,2026-12-26,overdue,/records/compliance/CMP-0305.pdf,EMP-006
CMP-0306,Compliance Requirement 306,EPA,2026-01-27,2026-7-27,in_progress,/records/compliance/CMP-0306.pdf,EMP-007
CMP-0307,Compliance Requirement 307,IRS,2026-02-28,2026-8-28,exempt,/records/compliance/CMP-0307.pdf,EMP-008
CMP-0308,Compliance Requirement 308,DOL,2026-03-01,2026-9-01,compliant,/records/compliance/CMP-0308.pdf,EMP-009
CMP-0309,Compliance Requirement 309,State,2026-04-02,2026-10-02,overdue,/records/compliance/CMP-0309.pdf,EMP-010
CMP-0310,Compliance Requirement 310,OSHA,2026-05-03,2026-11-03,in_progress,/records/compliance/CMP-0310.pdf,EMP-011
CMP-0311,Compliance Requirement 311,EPA,2026-06-04,2026-12-04,exempt,/records/compliance/CMP-0311.pdf,EMP-012
CMP-0312,Compliance Requirement 312,IRS,2026-07-05,2026-7-05,compliant,/records/compliance/CMP-0312.pdf,EMP-013
CMP-0313,Compliance Requirement 313,DOL,2026-08-06,2026-8-06,overdue,/records/compliance/CMP-0313.pdf,EMP-014
CMP-0314,Compliance Requirement 314,State,2026-09-07,2026-9-07,in_progress,/records/compliance/CMP-0314.pdf,EMP-015
CMP-0315,Compliance Requirement 315,OSHA,2026-01-08,2026-10-08,exempt,/records/compliance/CMP-0315.pdf,EMP-016
CMP-0316,Compliance Requirement 316,EPA,2026-02-09,2026-11-09,compliant,/records/compliance/CMP-0316.pdf,EMP-017
CMP-0317,Compliance Requirement 317,IRS,2026-03-10,2026-12-10,overdue,/records/compliance/CMP-0317.pdf,EMP-018
CMP-0318,Compliance Requirement 318,DOL,2026-04-11,2026-7-11,in_progress,/records/compliance/CMP-0318.pdf,EMP-019
CMP-0319,Compliance Requirement 319,State,2026-05-12,2026-8-12,exempt,/records/compliance/CMP-0319.pdf,EMP-020
CMP-0320,Compliance Requirement 320,OSHA,2026-06-13,2026-9-13,compliant,/records/compliance/CMP-0320.pdf,EMP-021
CMP-0321,Compliance Requirement 321,EPA,2026-07-14,2026-10-14,overdue,/records/compliance/CMP-0321.pdf,EMP-022
CMP-0322,Compliance Requirement 322,IRS,2026-08-15,2026-11-15,in_progress,/records/compliance/CMP-0322.pdf,EMP-023
CMP-0323,Compliance Requirement 323,DOL,2026-09-16,2026-12-16,exempt,/records/compliance/CMP-0323.pdf,EMP-024
CMP-0324,Compliance Requirement 324,State,2026-01-17,2026-7-17,compliant,/records/compliance/CMP-0324.pdf,EMP-025
CMP-0325,Compliance Requirement 325,OSHA,2026-02-18,2026-8-18,overdue,/records/compliance/CMP-0325.pdf,EMP-026
CMP-0326,Compliance Requirement 326,EPA,2026-03-19,2026-9-19,in_progress,/records/compliance/CMP-0326.pdf,EMP-027
CMP-0327,Compliance Requirement 327,IRS,2026-04-20,2026-10-20,exempt,/records/compliance/CMP-0327.pdf,EMP-028
CMP-0328,Compliance Requirement 328,DOL,2026-05-21,2026-11-21,compliant,/records/compliance/CMP-0328.pdf,EMP-029
CMP-0329,Compliance Requirement 329,State,2026-06-22,2026-12-22,overdue,/records/compliance/CMP-0329.pdf,EMP-030
CMP-0330,Compliance Requirement 330,OSHA,2026-07-23,2026-7-23,in_progress,/records/compliance/CMP-0330.pdf,EMP-031
CMP-0331,Compliance Requirement 331,EPA,2026-08-24,2026-8-24,exempt,/records/compliance/CMP-0331.pdf,EMP-032
CMP-0332,Compliance Requirement 332,IRS,2026-09-25,2026-9-25,compliant,/records/compliance/CMP-0332.pdf,EMP-033
CMP-0333,Compliance Requirement 333,DOL,2026-01-26,2026-10-26,overdue,/records/compliance/CMP-0333.pdf,EMP-034
CMP-0334,Compliance Requirement 334,State,2026-02-27,2026-11-27,in_progress,/records/compliance/CMP-0334.pdf,EMP-035
CMP-0335,Compliance Requirement 335,OSHA,2026-03-28,2026-12-28,exempt,/records/compliance/CMP-0335.pdf,EMP-036
CMP-0336,Compliance Requirement 336,EPA,2026-04-01,2026-7-01,compliant,/records/compliance/CMP-0336.pdf,EMP-037
CMP-0337,Compliance Requirement 337,IRS,2026-05-02,2026-8-02,overdue,/records/compliance/CMP-0337.pdf,EMP-038
CMP-0338,Compliance Requirement 338,DOL,2026-06-03,2026-9-03,in_progress,/records/compliance/CMP-0338.pdf,EMP-039
CMP-0339,Compliance Requirement 339,State,2026-07-04,2026-10-04,exempt,/records/compliance/CMP-0339.pdf,EMP-040
CMP-0340,Compliance Requirement 340,OSHA,2026-08-05,2026-11-05,compliant,/records/compliance/CMP-0340.pdf,EMP-041
CMP-0341,Compliance Requirement 341,EPA,2026-09-06,2026-12-06,overdue,/records/compliance/CMP-0341.pdf,EMP-042
CMP-0342,Compliance Requirement 342,IRS,2026-01-07,2026-7-07,in_progress,/records/compliance/CMP-0342.pdf,EMP-043
CMP-0343,Compliance Requirement 343,DOL,2026-02-08,2026-8-08,exempt,/records/compliance/CMP-0343.pdf,EMP-044
CMP-0344,Compliance Requirement 344,State,2026-03-09,2026-9-09,compliant,/records/compliance/CMP-0344.pdf,EMP-045
CMP-0345,Compliance Requirement 345,OSHA,2026-04-10,2026-10-10,overdue,/records/compliance/CMP-0345.pdf,EMP-046
CMP-0346,Compliance Requirement 346,EPA,2026-05-11,2026-11-11,in_progress,/records/compliance/CMP-0346.pdf,EMP-047
CMP-0347,Compliance Requirement 347,IRS,2026-06-12,2026-12-12,exempt,/records/compliance/CMP-0347.pdf,EMP-048
CMP-0348,Compliance Requirement 348,DOL,2026-07-13,2026-7-13,compliant,/records/compliance/CMP-0348.pdf,EMP-049
CMP-0349,Compliance Requirement 349,State,2026-08-14,2026-8-14,overdue,/records/compliance/CMP-0349.pdf,EMP-050
CMP-0350,Compliance Requirement 350,OSHA,2026-09-15,2026-9-15,in_progress,/records/compliance/CMP-0350.pdf,EMP-001
CMP-0351,Compliance Requirement 351,EPA,2026-01-16,2026-10-16,exempt,/records/compliance/CMP-0351.pdf,EMP-002
CMP-0352,Compliance Requirement 352,IRS,2026-02-17,2026-11-17,compliant,/records/compliance/CMP-0352.pdf,EMP-003
CMP-0353,Compliance Requirement 353,DOL,2026-03-18,2026-12-18,overdue,/records/compliance/CMP-0353.pdf,EMP-004
CMP-0354,Compliance Requirement 354,State,2026-04-19,2026-7-19,in_progress,/records/compliance/CMP-0354.pdf,EMP-005
CMP-0355,Compliance Requirement 355,OSHA,2026-05-20,2026-8-20,exempt,/records/compliance/CMP-0355.pdf,EMP-006
CMP-0356,Compliance Requirement 356,EPA,2026-06-21,2026-9-21,compliant,/records/compliance/CMP-0356.pdf,EMP-007
CMP-0357,Compliance Requirement 357,IRS,2026-07-22,2026-10-22,overdue,/records/compliance/CMP-0357.pdf,EMP-008
CMP-0358,Compliance Requirement 358,DOL,2026-08-23,2026-11-23,in_progress,/records/compliance/CMP-0358.pdf,EMP-009
CMP-0359,Compliance Requirement 359,State,2026-09-24,2026-12-24,exempt,/records/compliance/CMP-0359.pdf,EMP-010
CMP-0360,Compliance Requirement 360,OSHA,2026-01-25,2026-7-25,compliant,/records/compliance/CMP-0360.pdf,EMP-011
CMP-0361,Compliance Requirement 361,EPA,2026-02-26,2026-8-26,overdue,/records/compliance/CMP-0361.pdf,EMP-012
CMP-0362,Compliance Requirement 362,IRS,2026-03-27,2026-9-27,in_progress,/records/compliance/CMP-0362.pdf,EMP-013
CMP-0363,Compliance Requirement 363,DOL,2026-04-28,2026-10-28,exempt,/records/compliance/CMP-0363.pdf,EMP-014
CMP-0364,Compliance Requirement 364,State,2026-05-01,2026-11-01,compliant,/records/compliance/CMP-0364.pdf,EMP-015
CMP-0365,Compliance Requirement 365,OSHA,2026-06-02,2026-12-02,overdue,/records/compliance/CMP-0365.pdf,EMP-016
CMP-0366,Compliance Requirement 366,EPA,2026-07-03,2026-7-03,in_progress,/records/compliance/CMP-0366.pdf,EMP-017
CMP-0367,Compliance Requirement 367,IRS,2026-08-04,2026-8-04,exempt,/records/compliance/CMP-0367.pdf,EMP-018
CMP-0368,Compliance Requirement 368,DOL,2026-09-05,2026-9-05,compliant,/records/compliance/CMP-0368.pdf,EMP-019
CMP-0369,Compliance Requirement 369,State,2026-01-06,2026-10-06,overdue,/records/compliance/CMP-0369.pdf,EMP-020
CMP-0370,Compliance Requirement 370,OSHA,2026-02-07,2026-11-07,in_progress,/records/compliance/CMP-0370.pdf,EMP-021
CMP-0371,Compliance Requirement 371,EPA,2026-03-08,2026-12-08,exempt,/records/compliance/CMP-0371.pdf,EMP-022
CMP-0372,Compliance Requirement 372,IRS,2026-04-09,2026-7-09,compliant,/records/compliance/CMP-0372.pdf,EMP-023
CMP-0373,Compliance Requirement 373,DOL,2026-05-10,2026-8-10,overdue,/records/compliance/CMP-0373.pdf,EMP-024
CMP-0374,Compliance Requirement 374,State,2026-06-11,2026-9-11,in_progress,/records/compliance/CMP-0374.pdf,EMP-025
CMP-0375,Compliance Requirement 375,OSHA,2026-07-12,2026-10-12,exempt,/records/compliance/CMP-0375.pdf,EMP-026
CMP-0376,Compliance Requirement 376,EPA,2026-08-13,2026-11-13,compliant,/records/compliance/CMP-0376.pdf,EMP-027
CMP-0377,Compliance Requirement 377,IRS,2026-09-14,2026-12-14,overdue,/records/compliance/CMP-0377.pdf,EMP-028
CMP-0378,Compliance Requirement 378,DOL,2026-01-15,2026-7-15,in_progress,/records/compliance/CMP-0378.pdf,EMP-029
CMP-0379,Compliance Requirement 379,State,2026-02-16,2026-8-16,exempt,/records/compliance/CMP-0379.pdf,EMP-030
CMP-0380,Compliance Requirement 380,OSHA,2026-03-17,2026-9-17,compliant,/records/compliance/CMP-0380.pdf,EMP-031
CMP-0381,Compliance Requirement 381,EPA,2026-04-18,2026-10-18,overdue,/records/compliance/CMP-0381.pdf,EMP-032
CMP-0382,Compliance Requirement 382,IRS,2026-05-19,2026-11-19,in_progress,/records/compliance/CMP-0382.pdf,EMP-033
CMP-0383,Compliance Requirement 383,DOL,2026-06-20,2026-12-20,exempt,/records/compliance/CMP-0383.pdf,EMP-034
CMP-0384,Compliance Requirement 384,State,2026-07-21,2026-7-21,compliant,/records/compliance/CMP-0384.pdf,EMP-035
CMP-0385,Compliance Requirement 385,OSHA,2026-08-22,2026-8-22,overdue,/records/compliance/CMP-0385.pdf,EMP-036
CMP-0386,Compliance Requirement 386,EPA,2026-09-23,2026-9-23,in_progress,/records/compliance/CMP-0386.pdf,EMP-037
CMP-0387,Compliance Requirement 387,IRS,2026-01-24,2026-10-24,exempt,/records/compliance/CMP-0387.pdf,EMP-038
CMP-0388,Compliance Requirement 388,DOL,2026-02-25,2026-11-25,compliant,/records/compliance/CMP-0388.pdf,EMP-039
CMP-0389,Compliance Requirement 389,State,2026-03-26,2026-12-26,overdue,/records/compliance/CMP-0389.pdf,EMP-040
CMP-0390,Compliance Requirement 390,OSHA,2026-04-27,2026-7-27,in_progress,/records/compliance/CMP-0390.pdf,EMP-041
CMP-0391,Compliance Requirement 391,EPA,2026-05-28,2026-8-28,exempt,/records/compliance/CMP-0391.pdf,EMP-042
CMP-0392,Compliance Requirement 392,IRS,2026-06-01,2026-9-01,compliant,/records/compliance/CMP-0392.pdf,EMP-043
CMP-0393,Compliance Requirement 393,DOL,2026-07-02,2026-10-02,overdue,/records/compliance/CMP-0393.pdf,EMP-044
CMP-0394,Compliance Requirement 394,State,2026-08-03,2026-11-03,in_progress,/records/compliance/CMP-0394.pdf,EMP-045
CMP-0395,Compliance Requirement 395,OSHA,2026-09-04,2026-12-04,exempt,/records/compliance/CMP-0395.pdf,EMP-046
CMP-0396,Compliance Requirement 396,EPA,2026-01-05,2026-7-05,compliant,/records/compliance/CMP-0396.pdf,EMP-047
CMP-0397,Compliance Requirement 397,IRS,2026-02-06,2026-8-06,overdue,/records/compliance/CMP-0397.pdf,EMP-048
CMP-0398,Compliance Requirement 398,DOL,2026-03-07,2026-9-07,in_progress,/records/compliance/CMP-0398.pdf,EMP-049
CMP-0399,Compliance Requirement 399,State,2026-04-08,2026-10-08,exempt,/records/compliance/CMP-0399.pdf,EMP-050
CMP-0400,Compliance Requirement 400,OSHA,2026-05-09,2026-11-09,compliant,/records/compliance/CMP-0400.pdf,EMP-001
CMP-0401,Compliance Requirement 401,EPA,2026-06-10,2026-12-10,overdue,/records/compliance/CMP-0401.pdf,EMP-002
CMP-0402,Compliance Requirement 402,IRS,2026-07-11,2026-7-11,in_progress,/records/compliance/CMP-0402.pdf,EMP-003
CMP-0403,Compliance Requirement 403,DOL,2026-08-12,2026-8-12,exempt,/records/compliance/CMP-0403.pdf,EMP-004
CMP-0404,Compliance Requirement 404,State,2026-09-13,2026-9-13,compliant,/records/compliance/CMP-0404.pdf,EMP-005
CMP-0405,Compliance Requirement 405,OSHA,2026-01-14,2026-10-14,overdue,/records/compliance/CMP-0405.pdf,EMP-006
CMP-0406,Compliance Requirement 406,EPA,2026-02-15,2026-11-15,in_progress,/records/compliance/CMP-0406.pdf,EMP-007
CMP-0407,Compliance Requirement 407,IRS,2026-03-16,2026-12-16,exempt,/records/compliance/CMP-0407.pdf,EMP-008
CMP-0408,Compliance Requirement 408,DOL,2026-04-17,2026-7-17,compliant,/records/compliance/CMP-0408.pdf,EMP-009
CMP-0409,Compliance Requirement 409,State,2026-05-18,2026-8-18,overdue,/records/compliance/CMP-0409.pdf,EMP-010
CMP-0410,Compliance Requirement 410,OSHA,2026-06-19,2026-9-19,in_progress,/records/compliance/CMP-0410.pdf,EMP-011
CMP-0411,Compliance Requirement 411,EPA,2026-07-20,2026-10-20,exempt,/records/compliance/CMP-0411.pdf,EMP-012
CMP-0412,Compliance Requirement 412,IRS,2026-08-21,2026-11-21,compliant,/records/compliance/CMP-0412.pdf,EMP-013
CMP-0413,Compliance Requirement 413,DOL,2026-09-22,2026-12-22,overdue,/records/compliance/CMP-0413.pdf,EMP-014
CMP-0414,Compliance Requirement 414,State,2026-01-23,2026-7-23,in_progress,/records/compliance/CMP-0414.pdf,EMP-015
CMP-0415,Compliance Requirement 415,OSHA,2026-02-24,2026-8-24,exempt,/records/compliance/CMP-0415.pdf,EMP-016
CMP-0416,Compliance Requirement 416,EPA,2026-03-25,2026-9-25,compliant,/records/compliance/CMP-0416.pdf,EMP-017
CMP-0417,Compliance Requirement 417,IRS,2026-04-26,2026-10-26,overdue,/records/compliance/CMP-0417.pdf,EMP-018
CMP-0418,Compliance Requirement 418,DOL,2026-05-27,2026-11-27,in_progress,/records/compliance/CMP-0418.pdf,EMP-019
CMP-0419,Compliance Requirement 419,State,2026-06-28,2026-12-28,exempt,/records/compliance/CMP-0419.pdf,EMP-020
CMP-0420,Compliance Requirement 420,OSHA,2026-07-01,2026-7-01,compliant,/records/compliance/CMP-0420.pdf,EMP-021
CMP-0421,Compliance Requirement 421,EPA,2026-08-02,2026-8-02,overdue,/records/compliance/CMP-0421.pdf,EMP-022
CMP-0422,Compliance Requirement 422,IRS,2026-09-03,2026-9-03,in_progress,/records/compliance/CMP-0422.pdf,EMP-023
CMP-0423,Compliance Requirement 423,DOL,2026-01-04,2026-10-04,exempt,/records/compliance/CMP-0423.pdf,EMP-024
CMP-0424,Compliance Requirement 424,State,2026-02-05,2026-11-05,compliant,/records/compliance/CMP-0424.pdf,EMP-025
CMP-0425,Compliance Requirement 425,OSHA,2026-03-06,2026-12-06,overdue,/records/compliance/CMP-0425.pdf,EMP-026
CMP-0426,Compliance Requirement 426,EPA,2026-04-07,2026-7-07,in_progress,/records/compliance/CMP-0426.pdf,EMP-027
CMP-0427,Compliance Requirement 427,IRS,2026-05-08,2026-8-08,exempt,/records/compliance/CMP-0427.pdf,EMP-028
CMP-0428,Compliance Requirement 428,DOL,2026-06-09,2026-9-09,compliant,/records/compliance/CMP-0428.pdf,EMP-029
CMP-0429,Compliance Requirement 429,State,2026-07-10,2026-10-10,overdue,/records/compliance/CMP-0429.pdf,EMP-030
CMP-0430,Compliance Requirement 430,OSHA,2026-08-11,2026-11-11,in_progress,/records/compliance/CMP-0430.pdf,EMP-031
CMP-0431,Compliance Requirement 431,EPA,2026-09-12,2026-12-12,exempt,/records/compliance/CMP-0431.pdf,EMP-032
CMP-0432,Compliance Requirement 432,IRS,2026-01-13,2026-7-13,compliant,/records/compliance/CMP-0432.pdf,EMP-033
CMP-0433,Compliance Requirement 433,DOL,2026-02-14,2026-8-14,overdue,/records/compliance/CMP-0433.pdf,EMP-034
CMP-0434,Compliance Requirement 434,State,2026-03-15,2026-9-15,in_progress,/records/compliance/CMP-0434.pdf,EMP-035
CMP-0435,Compliance Requirement 435,OSHA,2026-04-16,2026-10-16,exempt,/records/compliance/CMP-0435.pdf,EMP-036
CMP-0436,Compliance Requirement 436,EPA,2026-05-17,2026-11-17,compliant,/records/compliance/CMP-0436.pdf,EMP-037
CMP-0437,Compliance Requirement 437,IRS,2026-06-18,2026-12-18,overdue,/records/compliance/CMP-0437.pdf,EMP-038
CMP-0438,Compliance Requirement 438,DOL,2026-07-19,2026-7-19,in_progress,/records/compliance/CMP-0438.pdf,EMP-039
CMP-0439,Compliance Requirement 439,State,2026-08-20,2026-8-20,exempt,/records/compliance/CMP-0439.pdf,EMP-040
CMP-0440,Compliance Requirement 440,OSHA,2026-09-21,2026-9-21,compliant,/records/compliance/CMP-0440.pdf,EMP-041
CMP-0441,Compliance Requirement 441,EPA,2026-01-22,2026-10-22,overdue,/records/compliance/CMP-0441.pdf,EMP-042
CMP-0442,Compliance Requirement 442,IRS,2026-02-23,2026-11-23,in_progress,/records/compliance/CMP-0442.pdf,EMP-043
CMP-0443,Compliance Requirement 443,DOL,2026-03-24,2026-12-24,exempt,/records/compliance/CMP-0443.pdf,EMP-044
CMP-0444,Compliance Requirement 444,State,2026-04-25,2026-7-25,compliant,/records/compliance/CMP-0444.pdf,EMP-045
CMP-0445,Compliance Requirement 445,OSHA,2026-05-26,2026-8-26,overdue,/records/compliance/CMP-0445.pdf,EMP-046
CMP-0446,Compliance Requirement 446,EPA,2026-06-27,2026-9-27,in_progress,/records/compliance/CMP-0446.pdf,EMP-047
CMP-0447,Compliance Requirement 447,IRS,2026-07-28,2026-10-28,exempt,/records/compliance/CMP-0447.pdf,EMP-048
CMP-0448,Compliance Requirement 448,DOL,2026-08-01,2026-11-01,compliant,/records/compliance/CMP-0448.pdf,EMP-049
CMP-0449,Compliance Requirement 449,State,2026-09-02,2026-12-02,overdue,/records/compliance/CMP-0449.pdf,EMP-050
CMP-0450,Compliance Requirement 450,OSHA,2026-01-03,2026-7-03,in_progress,/records/compliance/CMP-0450.pdf,EMP-001
CMP-0451,Compliance Requirement 451,EPA,2026-02-04,2026-8-04,exempt,/records/compliance/CMP-0451.pdf,EMP-002
CMP-0452,Compliance Requirement 452,IRS,2026-03-05,2026-9-05,compliant,/records/compliance/CMP-0452.pdf,EMP-003
CMP-0453,Compliance Requirement 453,DOL,2026-04-06,2026-10-06,overdue,/records/compliance/CMP-0453.pdf,EMP-004
CMP-0454,Compliance Requirement 454,State,2026-05-07,2026-11-07,in_progress,/records/compliance/CMP-0454.pdf,EMP-005
CMP-0455,Compliance Requirement 455,OSHA,2026-06-08,2026-12-08,exempt,/records/compliance/CMP-0455.pdf,EMP-006
CMP-0456,Compliance Requirement 456,EPA,2026-07-09,2026-7-09,compliant,/records/compliance/CMP-0456.pdf,EMP-007
CMP-0457,Compliance Requirement 457,IRS,2026-08-10,2026-8-10,overdue,/records/compliance/CMP-0457.pdf,EMP-008
CMP-0458,Compliance Requirement 458,DOL,2026-09-11,2026-9-11,in_progress,/records/compliance/CMP-0458.pdf,EMP-009
CMP-0459,Compliance Requirement 459,State,2026-01-12,2026-10-12,exempt,/records/compliance/CMP-0459.pdf,EMP-010
CMP-0460,Compliance Requirement 460,OSHA,2026-02-13,2026-11-13,compliant,/records/compliance/CMP-0460.pdf,EMP-011
CMP-0461,Compliance Requirement 461,EPA,2026-03-14,2026-12-14,overdue,/records/compliance/CMP-0461.pdf,EMP-012
CMP-0462,Compliance Requirement 462,IRS,2026-04-15,2026-7-15,in_progress,/records/compliance/CMP-0462.pdf,EMP-013
CMP-0463,Compliance Requirement 463,DOL,2026-05-16,2026-8-16,exempt,/records/compliance/CMP-0463.pdf,EMP-014
CMP-0464,Compliance Requirement 464,State,2026-06-17,2026-9-17,compliant,/records/compliance/CMP-0464.pdf,EMP-015
CMP-0465,Compliance Requirement 465,OSHA,2026-07-18,2026-10-18,overdue,/records/compliance/CMP-0465.pdf,EMP-016
CMP-0466,Compliance Requirement 466,EPA,2026-08-19,2026-11-19,in_progress,/records/compliance/CMP-0466.pdf,EMP-017
CMP-0467,Compliance Requirement 467,IRS,2026-09-20,2026-12-20,exempt,/records/compliance/CMP-0467.pdf,EMP-018
CMP-0468,Compliance Requirement 468,DOL,2026-01-21,2026-7-21,compliant,/records/compliance/CMP-0468.pdf,EMP-019
CMP-0469,Compliance Requirement 469,State,2026-02-22,2026-8-22,overdue,/records/compliance/CMP-0469.pdf,EMP-020
CMP-0470,Compliance Requirement 470,OSHA,2026-03-23,2026-9-23,in_progress,/records/compliance/CMP-0470.pdf,EMP-021
CMP-0471,Compliance Requirement 471,EPA,2026-04-24,2026-10-24,exempt,/records/compliance/CMP-0471.pdf,EMP-022
CMP-0472,Compliance Requirement 472,IRS,2026-05-25,2026-11-25,compliant,/records/compliance/CMP-0472.pdf,EMP-023
CMP-0473,Compliance Requirement 473,DOL,2026-06-26,2026-12-26,overdue,/records/compliance/CMP-0473.pdf,EMP-024
CMP-0474,Compliance Requirement 474,State,2026-07-27,2026-7-27,in_progress,/records/compliance/CMP-0474.pdf,EMP-025
CMP-0475,Compliance Requirement 475,OSHA,2026-08-28,2026-8-28,exempt,/records/compliance/CMP-0475.pdf,EMP-026
CMP-0476,Compliance Requirement 476,EPA,2026-09-01,2026-9-01,compliant,/records/compliance/CMP-0476.pdf,EMP-027
CMP-0477,Compliance Requirement 477,IRS,2026-01-02,2026-10-02,overdue,/records/compliance/CMP-0477.pdf,EMP-028
CMP-0478,Compliance Requirement 478,DOL,2026-02-03,2026-11-03,in_progress,/records/compliance/CMP-0478.pdf,EMP-029
CMP-0479,Compliance Requirement 479,State,2026-03-04,2026-12-04,exempt,/records/compliance/CMP-0479.pdf,EMP-030
CMP-0480,Compliance Requirement 480,OSHA,2026-04-05,2026-7-05,compliant,/records/compliance/CMP-0480.pdf,EMP-031
CMP-0481,Compliance Requirement 481,EPA,2026-05-06,2026-8-06,overdue,/records/compliance/CMP-0481.pdf,EMP-032
CMP-0482,Compliance Requirement 482,IRS,2026-06-07,2026-9-07,in_progress,/records/compliance/CMP-0482.pdf,EMP-033
CMP-0483,Compliance Requirement 483,DOL,2026-07-08,2026-10-08,exempt,/records/compliance/CMP-0483.pdf,EMP-034
CMP-0484,Compliance Requirement 484,State,2026-08-09,2026-11-09,compliant,/records/compliance/CMP-0484.pdf,EMP-035
CMP-0485,Compliance Requirement 485,OSHA,2026-09-10,2026-12-10,overdue,/records/compliance/CMP-0485.pdf,EMP-036
CMP-0486,Compliance Requirement 486,EPA,2026-01-11,2026-7-11,in_progress,/records/compliance/CMP-0486.pdf,EMP-037
CMP-0487,Compliance Requirement 487,IRS,2026-02-12,2026-8-12,exempt,/records/compliance/CMP-0487.pdf,EMP-038
CMP-0488,Compliance Requirement 488,DOL,2026-03-13,2026-9-13,compliant,/records/compliance/CMP-0488.pdf,EMP-039
CMP-0489,Compliance Requirement 489,State,2026-04-14,2026-10-14,overdue,/records/compliance/CMP-0489.pdf,EMP-040
CMP-0490,Compliance Requirement 490,OSHA,2026-05-15,2026-11-15,in_progress,/records/compliance/CMP-0490.pdf,EMP-041
CMP-0491,Compliance Requirement 491,EPA,2026-06-16,2026-12-16,exempt,/records/compliance/CMP-0491.pdf,EMP-042
CMP-0492,Compliance Requirement 492,IRS,2026-07-17,2026-7-17,compliant,/records/compliance/CMP-0492.pdf,EMP-043
CMP-0493,Compliance Requirement 493,DOL,2026-08-18,2026-8-18,overdue,/records/compliance/CMP-0493.pdf,EMP-044
CMP-0494,Compliance Requirement 494,State,2026-09-19,2026-9-19,in_progress,/records/compliance/CMP-0494.pdf,EMP-045
CMP-0495,Compliance Requirement 495,OSHA,2026-01-20,2026-10-20,exempt,/records/compliance/CMP-0495.pdf,EMP-046
CMP-0496,Compliance Requirement 496,EPA,2026-02-21,2026-11-21,compliant,/records/compliance/CMP-0496.pdf,EMP-047
CMP-0497,Compliance Requirement 497,IRS,2026-03-22,2026-12-22,overdue,/records/compliance/CMP-0497.pdf,EMP-048
CMP-0498,Compliance Requirement 498,DOL,2026-04-23,2026-7-23,in_progress,/records/compliance/CMP-0498.pdf,EMP-049
CMP-0499,Compliance Requirement 499,State,2026-05-24,2026-8-24,exempt,/records/compliance/CMP-0499.pdf,EMP-050
CMP-0500,Compliance Requirement 500,OSHA,2026-06-25,2026-9-25,compliant,/records/compliance/CMP-0500.pdf,EMP-001
