contract_id,client_id,start_date,end_date,value,type,auto_renew,status,assigned_manager
CON-00001,CLT-0002,2026-02-01,2027-02-01,5250,monthly,0,expiring,EMP-002
CON-00002,CLT-0003,2026-03-01,2027-03-01,5500,quarterly,0,renewed,EMP-003
CON-00003,CLT-0004,2026-04-01,2027-04-01,5750,project,1,cancelled,EMP-004
CON-00004,CLT-0005,2026-05-01,2027-05-01,6000,annual,0,active,EMP-005
CON-00005,CLT-0006,2026-06-01,2027-06-01,6250,monthly,0,expiring,EMP-006
CON-00006,CLT-0007,2026-07-01,2027-07-01,6500,quarterly,1,renewed,EMP-007
CON-00007,CLT-0008,2026-08-01,2027-08-01,6750,project,0,cancelled,EMP-008
CON-00008,CLT-0009,2026-09-01,2027-09-01,7000,annual,0,active,EMP-009
CON-00009,CLT-0010,2026-01-01,2027-01-01,7250,monthly,1,expiring,EMP-010
CON-00010,CLT-0011,2026-02-01,2027-02-01,7500,quarterly,0,renewed,EMP-011
CON-00011,CLT-0012,2026-03-01,2027-03-01,7750,project,0,cancelled,EMP-012
CON-00012,CLT-0013,2026-04-01,2027-04-01,8000,annual,1,active,EMP-013
CON-00013,CLT-0014,2026-05-01,2027-05-01,8250,monthly,0,expiring,EMP-014
CON-00014,CLT-0015,2026-06-01,2027-06-01,8500,quarterly,0,renewed,EMP-015
CON-00015,CLT-0016,2026-07-01,2027-07-01,8750,project,1,cancelled,EMP-016
CON-00016,CLT-0017,2026-08-01,2027-08-01,9000,annual,0,active,EMP-017
CON-00017,CLT-0018,2026-09-01,2027-09-01,9250,monthly,0,expiring,EMP-018
CON-00018,CLT-0019,2026-01-01,2027-01-01,9500,quarterly,1,renewed,EMP-019
CON-00019,CLT-0020,2026-02-01,2027-02-01,9750,project,0,cancelled,EMP-020
CON-00020,CLT-0021,2026-03-01,2027-03-01,10000,annual,0,active,EMP-001
CON-00021,CLT-0022,2026-04-01,2027-04-01,10250,monthly,1,expiring,EMP-002
CON-00022,CLT-0023,2026-05-01,2027-05-01,10500,quarterly,0,renewed,EMP-003
CON-00023,CLT-0024,2026-06-01,2027-06-01,10750,project,0,cancelled,EMP-004
CON-00024,CLT-0025,2026-07-01,2027-07-01,11000,annual,1,active,EMP-005
CON-00025,CLT-0026,2026-08-01,2027-08-01,11250,monthly,0,expiring,EMP-006
CON-00026,CLT-0027,2026-09-01,2027-09-01,11500,quarterly,0,renewed,EMP-007
CON-00027,CLT-0028,2026-01-01,2027-01-01,11750,project,1,cancelled,EMP-008
CON-00028,CLT-0029,2026-02-01,2027-02-01,12000,annual,0,active,EMP-009
CON-00029,CLT-0030,2026-03-01,2027-03-01,12250,monthly,0,expiring,EMP-010
CON-00030,CLT-0031,2026-04-01,2027-04-01,12500,quarterly,1,renewed,EMP-011
CON-00031,CLT-0032,2026-05-01,2027-05-01,12750,project,0,cancelled,EMP-012
CON-00032,CLT-0033,2026-06-01,2027-06-01,13000,annual,0,active,EMP-013
CON-00033,CLT-0034,2026-07-01,2027-07-01,13250,monthly,1,expiring,EMP-014
CON-00034,CLT-0035,2026-08-01,2027-08-01,13500,quarterly,0,renewed,EMP-015
CON-00035,CLT-0036,2026-09-01,2027-09-01,13750,project,0,cancelled,EMP-016
CON-00036,CLT-0037,2026-01-01,2027-01-01,14000,annual,1,active,EMP-017
CON-00037,CLT-0038,2026-02-01,2027-02-01,14250,monthly,0,expiring,EMP-018
CON-00038,CLT-0039,2026-03-01,2027-03-01,14500,quarterly,0,renewed,EMP-019
CON-00039,CLT-0040,2026-04-01,2027-04-01,14750,project,1,cancelled,EMP-020
CON-00040,CLT-0041,2026-05-01,2027-05-01,15000,annual,0,active,EMP-001
CON-00041,CLT-0042,2026-06-01,2027-06-01,15250,monthly,0,expiring,EMP-002
CON-00042,CLT-0043,2026-07-01,2027-07-01,15500,quarterly,1,renewed,EMP-003
CON-00043,CLT-0044,2026-08-01,2027-08-01,15750,project,0,cancelled,EMP-004
CON-00044,CLT-0045,2026-09-01,2027-09-01,16000,annual,0,active,EMP-005
CON-00045,CLT-0046,2026-01-01,2027-01-01,16250,monthly,1,expiring,EMP-006
CON-00046,CLT-0047,2026-02-01,2027-02-01,16500,quarterly,0,renewed,EMP-007
CON-00047,CLT-0048,2026-03-01,2027-03-01,16750,project,0,cancelled,EMP-008
CON-00048,CLT-0049,2026-04-01,2027-04-01,17000,annual,1,active,EMP-009
CON-00049,CLT-0050,2026-05-01,2027-05-01,17250,monthly,0,expiring,EMP-010
CON-00050,CLT-0051,2026-06-01,2027-06-01,17500,quarterly,0,renewed,EMP-011
CON-00051,CLT-0052,2026-07-01,2027-07-01,17750,project,1,cancelled,EMP-012
CON-00052,CLT-0053,2026-08-01,2027-08-01,18000,annual,0,active,EMP-013
CON-00053,CLT-0054,2026-09-01,2027-09-01,18250,monthly,0,expiring,EMP-014
CON-00054,CLT-0055,2026-01-01,2027-01-01,18500,quarterly,1,renewed,EMP-015
CON-00055,CLT-0056,2026-02-01,2027-02-01,18750,project,0,cancelled,EMP-016
CON-00056,CLT-0057,2026-03-01,2027-03-01,19000,annual,0,active,EMP-017
CON-00057,CLT-0058,2026-04-01,2027-04-01,19250,monthly,1,expiring,EMP-018
CON-00058,CLT-0059,2026-05-01,2027-05-01,19500,quarterly,0,renewed,EMP-019
CON-00059,CLT-0060,2026-06-01,2027-06-01,19750,project,0,cancelled,EMP-020
CON-00060,CLT-0061,2026-07-01,2027-07-01,20000,annual,1,active,EMP-001
CON-00061,CLT-0062,2026-08-01,2027-08-01,20250,monthly,0,expiring,EMP-002
CON-00062,CLT-0063,2026-09-01,2027-09-01,20500,quarterly,0,renewed,EMP-003
CON-00063,CLT-0064,2026-01-01,2027-01-01,20750,project,1,cancelled,EMP-004
CON-00064,CLT-0065,2026-02-01,2027-02-01,21000,annual,0,active,EMP-005
CON-00065,CLT-0066,2026-03-01,2027-03-01,21250,monthly,0,expiring,EMP-006
CON-00066,CLT-0067,2026-04-01,2027-04-01,21500,quarterly,1,renewed,EMP-007
CON-00067,CLT-0068,2026-05-01,2027-05-01,21750,project,0,cancelled,EMP-008
CON-00068,CLT-0069,2026-06-01,2027-06-01,22000,annual,0,active,EMP-009
CON-00069,CLT-0070,2026-07-01,2027-07-01,22250,monthly,1,expiring,EMP-010
CON-00070,CLT-0071,2026-08-01,2027-08-01,22500,quarterly,0,renewed,EMP-011
CON-00071,CLT-0072,2026-09-01,2027-09-01,22750,project,0,cancelled,EMP-012
CON-00072,CLT-0073,2026-01-01,2027-01-01,23000,annual,1,active,EMP-013
CON-00073,CLT-0074,2026-02-01,2027-02-01,23250,monthly,0,expiring,EMP-014
CON-00074,CLT-0075,2026-03-01,2027-03-01,23500,quarterly,0,renewed,EMP-015
CON-00075,CLT-0076,2026-04-01,2027-04-01,23750,project,1,cancelled,EMP-016
CON-00076,CLT-0077,2026-05-01,2027-05-01,24000,annual,0,active,EMP-017
CON-00077,CLT-0078,2026-06-01,2027-06-01,24250,monthly,0,expiring,EMP-018
CON-00078,CLT-0079,2026-07-01,2027-07-01,24500,quarterly,1,renewed,EMP-019
CON-00079,CLT-0080,2026-08-01,2027-08-01,24750,project,0,cancelled,EMP-020
CON-00080,CLT-0081,2026-09-01,2027-09-01,25000,annual,0,active,EMP-001
CON-00081,CLT-0082,2026-01-01,2027-01-01,25250,monthly,1,expiring,EMP-002
CON-00082,CLT-0083,2026-02-01,2027-02-01,25500,quarterly,0,renewed,EMP-003
CON-00083,CLT-0084,2026-03-01,2027-03-01,25750,project,0,cancelled,EMP-004
CON-00084,CLT-0085,2026-04-01,2027-04-01,26000,annual,1,active,EMP-005
CON-00085,CLT-0086,2026-05-01,2027-05-01,26250,monthly,0,expiring,EMP-006
CON-00086,CLT-0087,2026-06-01,2027-06-01,26500,quarterly,0,renewed,EMP-007
CON-00087,CLT-0088,2026-07-01,2027-07-01,26750,project,1,cancelled,EMP-008
CON-00088,CLT-0089,2026-08-01,2027-08-01,27000,annual,0,active,EMP-009
CON-00089,CLT-0090,2026-09-01,2027-09-01,27250,monthly,0,expiring,EMP-010
CON-00090,CLT-0091,2026-01-01,2027-01-01,27500,quarterly,1,renewed,EMP-011
CON-00091,CLT-0092,2026-02-01,2027-02-01,27750,project,0,cancelled,EMP-012
CON-00092,CLT-0093,2026-03-01,2027-03-01,28000,annual,0,active,EMP-013
CON-00093,CLT-0094,2026-04-01,2027-04-01,28250,monthly,1,expiring,EMP-014
CON-00094,CLT-0095,2026-05-01,2027-05-01,28500,quarterly,0,renewed,EMP-015
CON-00095,CLT-0096,2026-06-01,2027-06-01,28750,project,0,cancelled,EMP-016
CON-00096,CLT-0097,2026-07-01,2027-07-01,29000,annual,1,active,EMP-017
CON-00097,CLT-0098,2026-08-01,2027-08-01,29250,monthly,0,expiring,EMP-018
CON-00098,CLT-0099,2026-09-01,2027-09-01,29500,quarterly,0,renewed,EMP-019
CON-00099,CLT-0100,2026-01-01,2027-01-01,29750,project,1,cancelled,EMP-020
CON-00100,CLT-0101,2026-02-01,2027-02-01,30000,annual,0,active,EMP-001
CON-00101,CLT-0102,2026-03-01,2027-03-01,30250,monthly,0,expiring,EMP-002
CON-00102,CLT-0103,2026-04-01,2027-04-01,30500,quarterly,1,renewed,EMP-003
CON-00103,CLT-0104,2026-05-01,2027-05-01,30750,project,0,cancelled,EMP-004
CON-00104,CLT-0105,2026-06-01,2027-06-01,31000,annual,0,active,EMP-005
CON-00105,CLT-0106,2026-07-01,2027-07-01,31250,monthly,1,expiring,EMP-006
CON-00106,CLT-0107,2026-08-01,2027-08-01,31500,quarterly,0,renewed,EMP-007
CON-00107,CLT-0108,2026-09-01,2027-09-01,31750,project,0,cancelled,EMP-008
CON-00108,CLT-0109,2026-01-01,2027-01-01,32000,annual,1,active,EMP-009
CON-00109,CLT-0110,2026-02-01,2027-02-01,32250,monthly,0,expiring,EMP-010
CON-00110,CLT-0111,2026-03-01,2027-03-01,32500,quarterly,0,renewed,EMP-011
CON-00111,CLT-0112,2026-04-01,2027-04-01,32750,project,1,cancelled,EMP-012
CON-00112,CLT-0113,2026-05-01,2027-05-01,33000,annual,0,active,EMP-013
CON-00113,CLT-0114,2026-06-01,2027-06-01,33250,monthly,0,expiring,EMP-014
CON-00114,CLT-0115,2026-07-01,2027-07-01,33500,quarterly,1,renewed,EMP-015
CON-00115,CLT-0116,2026-08-01,2027-08-01,33750,project,0,cancelled,EMP-016
CON-00116,CLT-0117,2026-09-01,2027-09-01,34000,annual,0,active,EMP-017
CON-00117,CLT-0118,2026-01-01,2027-01-01,34250,monthly,1,expiring,EMP-018
CON-00118,CLT-0119,2026-02-01,2027-02-01,34500,quarterly,0,renewed,EMP-019
CON-00119,CLT-0120,2026-03-01,2027-03-01,34750,project,0,cancelled,EMP-020
CON-00120,CLT-0121,2026-04-01,2027-04-01,35000,annual,1,active,EMP-001
CON-00121,CLT-0122,2026-05-01,2027-05-01,35250,monthly,0,expiring,EMP-002
CON-00122,CLT-0123,2026-06-01,2027-06-01,35500,quarterly,0,renewed,EMP-003
CON-00123,CLT-0124,2026-07-01,2027-07-01,35750,project,1,cancelled,EMP-004
CON-00124,CLT-0125,2026-08-01,2027-08-01,36000,annual,0,active,EMP-005
CON-00125,CLT-0126,2026-09-01,2027-09-01,36250,monthly,0,expiring,EMP-006
CON-00126,CLT-0127,2026-01-01,2027-01-01,36500,quarterly,1,renewed,EMP-007
CON-00127,CLT-0128,2026-02-01,2027-02-01,36750,project,0,cancelled,EMP-008
CON-00128,CLT-0129,2026-03-01,2027-03-01,37000,annual,0,active,EMP-009
CON-00129,CLT-0130,2026-04-01,2027-04-01,37250,monthly,1,expiring,EMP-010
CON-00130,CLT-0131,2026-05-01,2027-05-01,37500,quarterly,0,renewed,EMP-011
CON-00131,CLT-0132,2026-06-01,2027-06-01,37750,project,0,cancelled,EMP-012
CON-00132,CLT-0133,2026-07-01,2027-07-01,38000,annual,1,active,EMP-013
CON-00133,CLT-0134,2026-08-01,2027-08-01,38250,monthly,0,expiring,EMP-014
CON-00134,CLT-0135,2026-09-01,2027-09-01,38500,quarterly,0,renewed,EMP-015
CON-00135,CLT-0136,2026-01-01,2027-01-01,38750,project,1,cancelled,EMP-016
CON-00136,CLT-0137,2026-02-01,2027-02-01,39000,annual,0,active,EMP-017
CON-00137,CLT-0138,2026-03-01,2027-03-01,39250,monthly,0,expiring,EMP-018
CON-00138,CLT-0139,2026-04-01,2027-04-01,39500,quarterly,1,renewed,EMP-019
CON-00139,CLT-0140,2026-05-01,2027-05-01,39750,project,0,cancelled,EMP-020
CON-00140,CLT-0141,2026-06-01,2027-06-01,40000,annual,0,active,EMP-001
CON-00141,CLT-0142,2026-07-01,2027-07-01,40250,monthly,1,expiring,EMP-002
CON-00142,CLT-0143,2026-08-01,2027-08-01,40500,quarterly,0,renewed,EMP-003
CON-00143,CLT-0144,2026-09-01,2027-09-01,40750,project,0,cancelled,EMP-004
CON-00144,CLT-0145,2026-01-01,2027-01-01,41000,annual,1,active,EMP-005
CON-00145,CLT-0146,2026-02-01,2027-02-01,41250,monthly,0,expiring,EMP-006
CON-00146,CLT-0147,2026-03-01,2027-03-01,41500,quarterly,0,renewed,EMP-007
CON-00147,CLT-0148,2026-04-01,2027-04-01,41750,project,1,cancelled,EMP-008
CON-00148,CLT-0149,2026-05-01,2027-05-01,42000,annual,0,active,EMP-009
CON-00149,CLT-0150,2026-06-01,2027-06-01,42250,monthly,0,expiring,EMP-010
CON-00150,CLT-0151,2026-07-01,2027-07-01,42500,quarterly,1,renewed,EMP-011
CON-00151,CLT-0152,2026-08-01,2027-08-01,42750,project,0,cancelled,EMP-012
CON-00152,CLT-0153,2026-09-01,2027-09-01,43000,annual,0,active,EMP-013
CON-00153,CLT-0154,2026-01-01,2027-01-01,43250,monthly,1,expiring,EMP-014
CON-00154,CLT-0155,2026-02-01,2027-02-01,43500,quarterly,0,renewed,EMP-015
CON-00155,CLT-0156,2026-03-01,2027-03-01,43750,project,0,cancelled,EMP-016
CON-00156,CLT-0157,2026-04-01,2027-04-01,44000,annual,1,active,EMP-017
CON-00157,CLT-0158,2026-05-01,2027-05-01,44250,monthly,0,expiring,EMP-018
CON-00158,CLT-0159,2026-06-01,2027-06-01,44500,quarterly,0,renewed,EMP-019
CON-00159,CLT-0160,2026-07-01,2027-07-01,44750,project,1,cancelled,EMP-020
CON-00160,CLT-0161,2026-08-01,2027-08-01,45000,annual,0,active,EMP-001
CON-00161,CLT-0162,2026-09-01,2027-09-01,45250,monthly,0,expiring,EMP-002
CON-00162,CLT-0163,2026-01-01,2027-01-01,45500,quarterly,1,renewed,EMP-003
CON-00163,CLT-0164,2026-02-01,2027-02-01,45750,project,0,cancelled,EMP-004
CON-00164,CLT-0165,2026-03-01,2027-03-01,46000,annual,0,active,EMP-005
CON-00165,CLT-0166,2026-04-01,2027-04-01,46250,monthly,1,expiring,EMP-006
CON-00166,CLT-0167,2026-05-01,2027-05-01,46500,quarterly,0,renewed,EMP-007
CON-00167,CLT-0168,2026-06-01,2027-06-01,46750,project,0,cancelled,EMP-008
CON-00168,CLT-0169,2026-07-01,2027-07-01,47000,annual,1,active,EMP-009
CON-00169,CLT-0170,2026-08-01,2027-08-01,47250,monthly,0,expiring,EMP-010
CON-00170,CLT-0171,2026-09-01,2027-09-01,47500,quarterly,0,renewed,EMP-011
CON-00171,CLT-0172,2026-01-01,2027-01-01,47750,project,1,cancelled,EMP-012
CON-00172,CLT-0173,2026-02-01,2027-02-01,48000,annual,0,active,EMP-013
CON-00173,CLT-0174,2026-03-01,2027-03-01,48250,monthly,0,expiring,EMP-014
CON-00174,CLT-0175,2026-04-01,2027-04-01,48500,quarterly,1,renewed,EMP-015
CON-00175,CLT-0176,2026-05-01,2027-05-01,48750,project,0,cancelled,EMP-016
CON-00176,CLT-0177,2026-06-01,2027-06-01,49000,annual,0,active,EMP-017
CON-00177,CLT-0178,2026-07-01,2027-07-01,49250,monthly,1,expiring,EMP-018
CON-00178,CLT-0179,2026-08-01,2027-08-01,49500,quarterly,0,renewed,EMP-019
CON-00179,CLT-0180,2026-09-01,2027-09-01,49750,project,0,cancelled,EMP-020
CON-00180,CLT-0181,2026-01-01,2027-01-01,50000,annual,1,active,EMP-001
CON-00181,CLT-0182,2026-02-01,2027-02-01,50250,monthly,0,expiring,EMP-002
CON-00182,CLT-0183,2026-03-01,2027-03-01,50500,quarterly,0,renewed,EMP-003
CON-00183,CLT-0184,2026-04-01,2027-04-01,50750,project,1,cancelled,EMP-004
CON-00184,CLT-0185,2026-05-01,2027-05-01,51000,annual,0,active,EMP-005
CON-00185,CLT-0186,2026-06-01,2027-06-01,51250,monthly,0,expiring,EMP-006
CON-00186,CLT-0187,2026-07-01,2027-07-01,51500,quarterly,1,renewed,EMP-007
CON-00187,CLT-0188,2026-08-01,2027-08-01,51750,project,0,cancelled,EMP-008
CON-00188,CLT-0189,2026-09-01,2027-09-01,52000,annual,0,active,EMP-009
CON-00189,CLT-0190,2026-01-01,2027-01-01,52250,monthly,1,expiring,EMP-010
CON-00190,CLT-0191,2026-02-01,2027-02-01,52500,quarterly,0,renewed,EMP-011
CON-00191,CLT-0192,2026-03-01,2027-03-01,52750,project,0,cancelled,EMP-012
CON-00192,CLT-0193,2026-04-01,2027-04-01,53000,annual,1,active,EMP-013
CON-00193,CLT-0194,2026-05-01,2027-05-01,53250,monthly,0,expiring,EMP-014
CON-00194,CLT-0195,2026-06-01,2027-06-01,53500,quarterly,0,renewed,EMP-015
CON-00195,CLT-0196,2026-07-01,2027-07-01,53750,project,1,cancelled,EMP-016
CON-00196,CLT-0197,2026-08-01,2027-08-01,54000,annual,0,active,EMP-017
CON-00197,CLT-0198,2026-09-01,2027-09-01,54250,monthly,0,expiring,EMP-018
CON-00198,CLT-0199,2026-01-01,2027-01-01,54500,quarterly,1,renewed,EMP-019
CON-00199,CLT-0200,2026-02-01,2027-02-01,54750,project,0,cancelled,EMP-020
CON-00200,CLT-0201,2026-03-01,2027-03-01,55000,annual,0,active,EMP-001
CON-00201,CLT-0202,2026-04-01,2027-04-01,55250,monthly,1,expiring,EMP-002
CON-00202,CLT-0203,2026-05-01,2027-05-01,55500,quarterly,0,renewed,EMP-003
CON-00203,CLT-0204,2026-06-01,2027-06-01,55750,project,0,cancelled,EMP-004
CON-00204,CLT-0205,2026-07-01,2027-07-01,56000,annual,1,active,EMP-005
CON-00205,CLT-0206,2026-08-01,2027-08-01,56250,monthly,0,expiring,EMP-006
CON-00206,CLT-0207,2026-09-01,2027-09-01,56500,quarterly,0,renewed,EMP-007
CON-00207,CLT-0208,2026-01-01,2027-01-01,56750,project,1,cancelled,EMP-008
CON-00208,CLT-0209,2026-02-01,2027-02-01,57000,annual,0,active,EMP-009
CON-00209,CLT-0210,2026-03-01,2027-03-01,57250,monthly,0,expiring,EMP-010
CON-00210,CLT-0211,2026-04-01,2027-04-01,57500,quarterly,1,renewed,EMP-011
CON-00211,CLT-0212,2026-05-01,2027-05-01,57750,project,0,cancelled,EMP-012
CON-00212,CLT-0213,2026-06-01,2027-06-01,58000,annual,0,active,EMP-013
CON-00213,CLT-0214,2026-07-01,2027-07-01,58250,monthly,1,expiring,EMP-014
CON-00214,CLT-0215,2026-08-01,2027-08-01,58500,quarterly,0,renewed,EMP-015
CON-00215,CLT-0216,2026-09-01,2027-09-01,58750,project,0,cancelled,EMP-016
CON-00216,CLT-0217,2026-01-01,2027-01-01,59000,annual,1,active,EMP-017
CON-00217,CLT-0218,2026-02-01,2027-02-01,59250,monthly,0,expiring,EMP-018
CON-00218,CLT-0219,2026-03-01,2027-03-01,59500,quarterly,0,renewed,EMP-019
CON-00219,CLT-0220,2026-04-01,2027-04-01,59750,project,1,cancelled,EMP-020
CON-00220,CLT-0221,2026-05-01,2027-05-01,60000,annual,0,active,EMP-001
CON-00221,CLT-0222,2026-06-01,2027-06-01,60250,monthly,0,expiring,EMP-002
CON-00222,CLT-0223,2026-07-01,2027-07-01,60500,quarterly,1,renewed,EMP-003
CON-00223,CLT-0224,2026-08-01,2027-08-01,60750,project,0,cancelled,EMP-004
CON-00224,CLT-0225,2026-09-01,2027-09-01,61000,annual,0,active,EMP-005
CON-00225,CLT-0226,2026-01-01,2027-01-01,61250,monthly,1,expiring,EMP-006
CON-00226,CLT-0227,2026-02-01,2027-02-01,61500,quarterly,0,renewed,EMP-007
CON-00227,CLT-0228,2026-03-01,2027-03-01,61750,project,0,cancelled,EMP-008
CON-00228,CLT-0229,2026-04-01,2027-04-01,62000,annual,1,active,EMP-009
CON-00229,CLT-0230,2026-05-01,2027-05-01,62250,monthly,0,expiring,EMP-010
CON-00230,CLT-0231,2026-06-01,2027-06-01,62500,quarterly,0,renewed,EMP-011
CON-00231,CLT-0232,2026-07-01,2027-07-01,62750,project,1,cancelled,EMP-012
CON-00232,CLT-0233,2026-08-01,2027-08-01,63000,annual,0,active,EMP-013
CON-00233,CLT-0234,2026-09-01,2027-09-01,63250,monthly,0,expiring,EMP-014
CON-00234,CLT-0235,2026-01-01,2027-01-01,63500,quarterly,1,renewed,EMP-015
CON-00235,CLT-0236,2026-02-01,2027-02-01,63750,project,0,cancelled,EMP-016
CON-00236,CLT-0237,2026-03-01,2027-03-01,64000,annual,0,active,EMP-017
CON-00237,CLT-0238,2026-04-01,2027-04-01,64250,monthly,1,expiring,EMP-018
CON-00238,CLT-0239,2026-05-01,2027-05-01,64500,quarterly,0,renewed,EMP-019
CON-00239,CLT-0240,2026-06-01,2027-06-01,64750,project,0,cancelled,EMP-020
CON-00240,CLT-0241,2026-07-01,2027-07-01,65000,annual,1,active,EMP-001
CON-00241,CLT-0242,2026-08-01,2027-08-01,65250,monthly,0,expiring,EMP-002
CON-00242,CLT-0243,2026-09-01,2027-09-01,65500,quarterly,0,renewed,EMP-003
CON-00243,CLT-0244,2026-01-01,2027-01-01,65750,project,1,cancelled,EMP-004
CON-00244,CLT-0245,2026-02-01,2027-02-01,66000,annual,0,active,EMP-005
CON-00245,CLT-0246,2026-03-01,2027-03-01,66250,monthly,0,expiring,EMP-006
CON-00246,CLT-0247,2026-04-01,2027-04-01,66500,quarterly,1,renewed,EMP-007
CON-00247,CLT-0248,2026-05-01,2027-05-01,66750,project,0,cancelled,EMP-008
CON-00248,CLT-0249,2026-06-01,2027-06-01,67000,annual,0,active,EMP-009
CON-00249,CLT-0250,2026-07-01,2027-07-01,67250,monthly,1,expiring,EMP-010
CON-00250,CLT-0251,2026-08-01,2027-08-01,67500,quarterly,0,renewed,EMP-011
CON-00251,CLT-0252,2026-09-01,2027-09-01,67750,project,0,cancelled,EMP-012
CON-00252,CLT-0253,2026-01-01,2027-01-01,68000,annual,1,active,EMP-013
CON-00253,CLT-0254,2026-02-01,2027-02-01,68250,monthly,0,expiring,EMP-014
CON-00254,CLT-0255,2026-03-01,2027-03-01,68500,quarterly,0,renewed,EMP-015
CON-00255,CLT-0256,2026-04-01,2027-04-01,68750,project,1,cancelled,EMP-016
CON-00256,CLT-0257,2026-05-01,2027-05-01,69000,annual,0,active,EMP-017
CON-00257,CLT-0258,2026-06-01,2027-06-01,69250,monthly,0,expiring,EMP-018
CON-00258,CLT-0259,2026-07-01,2027-07-01,69500,quarterly,1,renewed,EMP-019
CON-00259,CLT-0260,2026-08-01,2027-08-01,69750,project,0,cancelled,EMP-020
CON-00260,CLT-0261,2026-09-01,2027-09-01,70000,annual,0,active,EMP-001
CON-00261,CLT-0262,2026-01-01,2027-01-01,70250,monthly,1,expiring,EMP-002
CON-00262,CLT-0263,2026-02-01,2027-02-01,70500,quarterly,0,renewed,EMP-003
CON-00263,CLT-0264,2026-03-01,2027-03-01,70750,project,0,cancelled,EMP-004
CON-00264,CLT-0265,2026-04-01,2027-04-01,71000,annual,1,active,EMP-005
CON-00265,CLT-0266,2026-05-01,2027-05-01,71250,monthly,0,expiring,EMP-006
CON-00266,CLT-0267,2026-06-01,2027-06-01,71500,quarterly,0,renewed,EMP-007
CON-00267,CLT-0268,2026-07-01,2027-07-01,71750,project,1,cancelled,EMP-008
CON-00268,CLT-0269,2026-08-01,2027-08-01,72000,annual,0,active,EMP-009
CON-00269,CLT-0270,2026-09-01,2027-09-01,72250,monthly,0,expiring,EMP-010
CON-00270,CLT-0271,2026-01-01,2027-01-01,72500,quarterly,1,renewed,EMP-011
CON-00271,CLT-0272,2026-02-01,2027-02-01,72750,project,0,cancelled,EMP-012
CON-00272,CLT-0273,2026-03-01,2027-03-01,73000,annual,0,active,EMP-013
CON-00273,CLT-0274,2026-04-01,2027-04-01,73250,monthly,1,expiring,EMP-014
CON-00274,CLT-0275,2026-05-01,2027-05-01,73500,quarterly,0,renewed,EMP-015
CON-00275,CLT-0276,2026-06-01,2027-06-01,73750,project,0,cancelled,EMP-016
CON-00276,CLT-0277,2026-07-01,2027-07-01,74000,annual,1,active,EMP-017
CON-00277,CLT-0278,2026-08-01,2027-08-01,74250,monthly,0,expiring,EMP-018
CON-00278,CLT-0279,2026-09-01,2027-09-01,74500,quarterly,0,renewed,EMP-019
CON-00279,CLT-0280,2026-01-01,2027-01-01,74750,project,1,cancelled,EMP-020
CON-00280,CLT-0281,2026-02-01,2027-02-01,75000,annual,0,active,EMP-001
CON-00281,CLT-0282,2026-03-01,2027-03-01,75250,monthly,0,expiring,EMP-002
CON-00282,CLT-0283,2026-04-01,2027-04-01,75500,quarterly,1,renewed,EMP-003
CON-00283,CLT-0284,2026-05-01,2027-05-01,75750,project,0,cancelled,EMP-004
CON-00284,CLT-0285,2026-06-01,2027-06-01,76000,annual,0,active,EMP-005
CON-00285,CLT-0286,2026-07-01,2027-07-01,76250,monthly,1,expiring,EMP-006
CON-00286,CLT-0287,2026-08-01,2027-08-01,76500,quarterly,0,renewed,EMP-007
CON-00287,CLT-0288,2026-09-01,2027-09-01,76750,project,0,cancelled,EMP-008
CON-00288,CLT-0289,2026-01-01,2027-01-01,77000,annual,1,active,EMP-009
CON-00289,CLT-0290,2026-02-01,2027-02-01,77250,monthly,0,expiring,EMP-010
CON-00290,CLT-0291,2026-03-01,2027-03-01,77500,quarterly,0,renewed,EMP-011
CON-00291,CLT-0292,2026-04-01,2027-04-01,77750,project,1,cancelled,EMP-012
CON-00292,CLT-0293,2026-05-01,2027-05-01,78000,annual,0,active,EMP-013
CON-00293,CLT-0294,2026-06-01,2027-06-01,78250,monthly,0,expiring,EMP-014
CON-00294,CLT-0295,2026-07-01,2027-07-01,78500,quarterly,1,renewed,EMP-015
CON-00295,CLT-0296,2026-08-01,2027-08-01,78750,project,0,cancelled,EMP-016
CON-00296,CLT-0297,2026-09-01,2027-09-01,79000,annual,0,active,EMP-017
CON-00297,CLT-0298,2026-01-01,2027-01-01,79250,monthly,1,expiring,EMP-018
CON-00298,CLT-0299,2026-02-01,2027-02-01,79500,quarterly,0,renewed,EMP-019
CON-00299,CLT-0300,2026-03-01,2027-03-01,79750,project,0,cancelled,EMP-020
CON-00300,CLT-0301,2026-04-01,2027-04-01,80000,annual,1,active,EMP-001
CON-00301,CLT-0302,2026-05-01,2027-05-01,80250,monthly,0,expiring,EMP-002
CON-00302,CLT-0303,2026-06-01,2027-06-01,80500,quarterly,0,renewed,EMP-003
CON-00303,CLT-0304,2026-07-01,2027-07-01,80750,project,1,cancelled,EMP-004
CON-00304,CLT-0305,2026-08-01,2027-08-01,81000,annual,0,active,EMP-005
CON-00305,CLT-0306,2026-09-01,2027-09-01,81250,monthly,0,expiring,EMP-006
CON-00306,CLT-0307,2026-01-01,2027-01-01,81500,quarterly,1,renewed,EMP-007
CON-00307,CLT-0308,2026-02-01,2027-02-01,81750,project,0,cancelled,EMP-008
CON-00308,CLT-0309,2026-03-01,2027-03-01,82000,annual,0,active,EMP-009
CON-00309,CLT-0310,2026-04-01,2027-04-01,82250,monthly,1,expiring,EMP-010
CON-00310,CLT-0311,2026-05-01,2027-05-01,82500,quarterly,0,renewed,EMP-011
CON-00311,CLT-0312,2026-06-01,2027-06-01,82750,project,0,cancelled,EMP-012
CON-00312,CLT-0313,2026-07-01,2027-07-01,83000,annual,1,active,EMP-013
CON-00313,CLT-0314,2026-08-01,2027-08-01,83250,monthly,0,expiring,EMP-014
CON-00314,CLT-0315,2026-09-01,2027-09-01,83500,quarterly,0,renewed,EMP-015
CON-00315,CLT-0316,2026-01-01,2027-01-01,83750,project,1,cancelled,EMP-016
CON-00316,CLT-0317,2026-02-01,2027-02-01,84000,annual,0,active,EMP-017
CON-00317,CLT-0318,2026-03-01,2027-03-01,84250,monthly,0,expiring,EMP-018
CON-00318,CLT-0319,2026-04-01,2027-04-01,84500,quarterly,1,renewed,EMP-019
CON-00319,CLT-0320,2026-05-01,2027-05-01,84750,project,0,cancelled,EMP-020
CON-00320,CLT-0321,2026-06-01,2027-06-01,85000,annual,0,active,EMP-001
CON-00321,CLT-0322,2026-07-01,2027-07-01,85250,monthly,1,expiring,EMP-002
CON-00322,CLT-0323,2026-08-01,2027-08-01,85500,quarterly,0,renewed,EMP-003
CON-00323,CLT-0324,2026-09-01,2027-09-01,85750,project,0,cancelled,EMP-004
CON-00324,CLT-0325,2026-01-01,2027-01-01,86000,annual,1,active,EMP-005
CON-00325,CLT-0326,2026-02-01,2027-02-01,86250,monthly,0,expiring,EMP-006
CON-00326,CLT-0327,2026-03-01,2027-03-01,86500,quarterly,0,renewed,EMP-007
CON-00327,CLT-0328,2026-04-01,2027-04-01,86750,project,1,cancelled,EMP-008
CON-00328,CLT-0329,2026-05-01,2027-05-01,87000,annual,0,active,EMP-009
CON-00329,CLT-0330,2026-06-01,2027-06-01,87250,monthly,0,expiring,EMP-010
CON-00330,CLT-0331,2026-07-01,2027-07-01,87500,quarterly,1,renewed,EMP-011
CON-00331,CLT-0332,2026-08-01,2027-08-01,87750,project,0,cancelled,EMP-012
CON-00332,CLT-0333,2026-09-01,2027-09-01,88000,annual,0,active,EMP-013
CON-00333,CLT-0334,2026-01-01,2027-01-01,88250,monthly,1,expiring,EMP-014
CON-00334,CLT-0335,2026-02-01,2027-02-01,88500,quarterly,0,renewed,EMP-015
CON-00335,CLT-0336,2026-03-01,2027-03-01,88750,project,0,cancelled,EMP-016
CON-00336,CLT-0337,2026-04-01,2027-04-01,89000,annual,1,active,EMP-017
CON-00337,CLT-0338,2026-05-01,2027-05-01,89250,monthly,0,expiring,EMP-018
CON-00338,CLT-0339,2026-06-01,2027-06-01,89500,quarterly,0,renewed,EMP-019
CON-00339,CLT-0340,2026-07-01,2027-07-01,89750,project,1,cancelled,EMP-020
CON-00340,CLT-0341,2026-08-01,2027-08-01,90000,annual,0,active,EMP-001
CON-00341,CLT-0342,2026-09-01,2027-09-01,90250,monthly,0,expiring,EMP-002
CON-00342,CLT-0343,2026-01-01,2027-01-01,90500,quarterly,1,renewed,EMP-003
CON-00343,CLT-0344,2026-02-01,2027-02-01,90750,project,0,cancelled,EMP-004
CON-00344,CLT-0345,2026-03-01,2027-03-01,91000,annual,0,active,EMP-005
CON-00345,CLT-0346,2026-04-01,2027-04-01,91250,monthly,1,expiring,EMP-006
CON-00346,CLT-0347,2026-05-01,2027-05-01,91500,quarterly,0,renewed,EMP-007
CON-00347,CLT-0348,2026-06-01,2027-06-01,91750,project,0,cancelled,EMP-008
CON-00348,CLT-0349,2026-07-01,2027-07-01,92000,annual,1,active,EMP-009
CON-00349,CLT-0350,2026-08-01,2027-08-01,92250,monthly,0,expiring,EMP-010
CON-00350,CLT-0351,2026-09-01,2027-09-01,92500,quarterly,0,renewed,EMP-011
CON-00351,CLT-0352,2026-01-01,2027-01-01,92750,project,1,cancelled,EMP-012
CON-00352,CLT-0353,2026-02-01,2027-02-01,93000,annual,0,active,EMP-013
CON-00353,CLT-0354,2026-03-01,2027-03-01,93250,monthly,0,expiring,EMP-014
CON-00354,CLT-0355,2026-04-01,2027-04-01,93500,quarterly,1,renewed,EMP-015
CON-00355,CLT-0356,2026-05-01,2027-05-01,93750,project,0,cancelled,EMP-016
CON-00356,CLT-0357,2026-06-01,2027-06-01,94000,annual,0,active,EMP-017
CON-00357,CLT-0358,2026-07-01,2027-07-01,94250,monthly,1,expiring,EMP-018
CON-00358,CLT-0359,2026-08-01,2027-08-01,94500,quarterly,0,renewed,EMP-019
CON-00359,CLT-0360,2026-09-01,2027-09-01,94750,project,0,cancelled,EMP-020
CON-00360,CLT-0361,2026-01-01,2027-01-01,95000,annual,1,active,EMP-001
CON-00361,CLT-0362,2026-02-01,2027-02-01,95250,monthly,0,expiring,EMP-002
CON-00362,CLT-0363,2026-03-01,2027-03-01,95500,quarterly,0,renewed,EMP-003
CON-00363,CLT-0364,2026-04-01,2027-04-01,95750,project,1,cancelled,EMP-004
CON-00364,CLT-0365,2026-05-01,2027-05-01,96000,annual,0,active,EMP-005
CON-00365,CLT-0366,2026-06-01,2027-06-01,96250,monthly,0,expiring,EMP-006
CON-00366,CLT-0367,2026-07-01,2027-07-01,96500,quarterly,1,renewed,EMP-007
CON-00367,CLT-0368,2026-08-01,2027-08-01,96750,project,0,cancelled,EMP-008
CON-00368,CLT-0369,2026-09-01,2027-09-01,97000,annual,0,active,EMP-009
CON-00369,CLT-0370,2026-01-01,2027-01-01,97250,monthly,1,expiring,EMP-010
CON-00370,CLT-0371,2026-02-01,2027-02-01,97500,quarterly,0,renewed,EMP-011
CON-00371,CLT-0372,2026-03-01,2027-03-01,97750,project,0,cancelled,EMP-012
CON-00372,CLT-0373,2026-04-01,2027-04-01,98000,annual,1,active,EMP-013
CON-00373,CLT-0374,2026-05-01,2027-05-01,98250,monthly,0,expiring,EMP-014
CON-00374,CLT-0375,2026-06-01,2027-06-01,98500,quarterly,0,renewed,EMP-015
CON-00375,CLT-0376,2026-07-01,2027-07-01,98750,project,1,cancelled,EMP-016
CON-00376,CLT-0377,2026-08-01,2027-08-01,99000,annual,0,active,EMP-017
CON-00377,CLT-0378,2026-09-01,2027-09-01,99250,monthly,0,expiring,EMP-018
CON-00378,CLT-0379,2026-01-01,2027-01-01,99500,quarterly,1,renewed,EMP-019
CON-00379,CLT-0380,2026-02-01,2027-02-01,99750,project,0,cancelled,EMP-020
CON-00380,CLT-0381,2026-03-01,2027-03-01,100000,annual,0,active,EMP-001
CON-00381,CLT-0382,2026-04-01,2027-04-01,100250,monthly,1,expiring,EMP-002
CON-00382,CLT-0383,2026-05-01,2027-05-01,100500,quarterly,0,renewed,EMP-003
CON-00383,CLT-0384,2026-06-01,2027-06-01,100750,project,0,cancelled,EMP-004
CON-00384,CLT-0385,2026-07-01,2027-07-01,101000,annual,1,active,EMP-005
CON-00385,CLT-0386,2026-08-01,2027-08-01,101250,monthly,0,expiring,EMP-006
CON-00386,CLT-0387,2026-09-01,2027-09-01,101500,quarterly,0,renewed,EMP-007
CON-00387,CLT-0388,2026-01-01,2027-01-01,101750,project,1,cancelled,EMP-008
CON-00388,CLT-0389,2026-02-01,2027-02-01,102000,annual,0,active,EMP-009
CON-00389,CLT-0390,2026-03-01,2027-03-01,102250,monthly,0,expiring,EMP-010
CON-00390,CLT-0391,2026-04-01,2027-04-01,102500,quarterly,1,renewed,EMP-011
CON-00391,CLT-0392,2026-05-01,2027-05-01,102750,project,0,cancelled,EMP-012
CON-00392,CLT-0393,2026-06-01,2027-06-01,103000,annual,0,active,EMP-013
CON-00393,CLT-0394,2026-07-01,2027-07-01,103250,monthly,1,expiring,EMP-014
CON-00394,CLT-0395,2026-08-01,2027-08-01,103500,quarterly,0,renewed,EMP-015
CON-00395,CLT-0396,2026-09-01,2027-09-01,103750,project,0,cancelled,EMP-016
CON-00396,CLT-0397,2026-01-01,2027-01-01,104000,annual,1,active,EMP-017
CON-00397,CLT-0398,2026-02-01,2027-02-01,104250,monthly,0,expiring,EMP-018
CON-00398,CLT-0399,2026-03-01,2027-03-01,104500,quarterly,0,renewed,EMP-019
CON-00399,CLT-0400,2026-04-01,2027-04-01,104750,project,1,cancelled,EMP-020
CON-00400,CLT-0401,2026-05-01,2027-05-01,105000,annual,0,active,EMP-001
CON-00401,CLT-0402,2026-06-01,2027-06-01,105250,monthly,0,expiring,EMP-002
CON-00402,CLT-0403,2026-07-01,2027-07-01,105500,quarterly,1,renewed,EMP-003
CON-00403,CLT-0404,2026-08-01,2027-08-01,105750,project,0,cancelled,EMP-004
CON-00404,CLT-0405,2026-09-01,2027-09-01,106000,annual,0,active,EMP-005
CON-00405,CLT-0406,2026-01-01,2027-01-01,106250,monthly,1,expiring,EMP-006
CON-00406,CLT-0407,2026-02-01,2027-02-01,106500,quarterly,0,renewed,EMP-007
CON-00407,CLT-0408,2026-03-01,2027-03-01,106750,project,0,cancelled,EMP-008
CON-00408,CLT-0409,2026-04-01,2027-04-01,107000,annual,1,active,EMP-009
CON-00409,CLT-0410,2026-05-01,2027-05-01,107250,monthly,0,expiring,EMP-010
CON-00410,CLT-0411,2026-06-01,2027-06-01,107500,quarterly,0,renewed,EMP-011
CON-00411,CLT-0412,2026-07-01,2027-07-01,107750,project,1,cancelled,EMP-012
CON-00412,CLT-0413,2026-08-01,2027-08-01,108000,annual,0,active,EMP-013
CON-00413,CLT-0414,2026-09-01,2027-09-01,108250,monthly,0,expiring,EMP-014
CON-00414,CLT-0415,2026-01-01,2027-01-01,108500,quarterly,1,renewed,EMP-015
CON-00415,CLT-0416,2026-02-01,2027-02-01,108750,project,0,cancelled,EMP-016
CON-00416,CLT-0417,2026-03-01,2027-03-01,109000,annual,0,active,EMP-017
CON-00417,CLT-0418,2026-04-01,2027-04-01,109250,monthly,1,expiring,EMP-018
CON-00418,CLT-0419,2026-05-01,2027-05-01,109500,quarterly,0,renewed,EMP-019
CON-00419,CLT-0420,2026-06-01,2027-06-01,109750,project,0,cancelled,EMP-020
CON-00420,CLT-0421,2026-07-01,2027-07-01,110000,annual,1,active,EMP-001
CON-00421,CLT-0422,2026-08-01,2027-08-01,110250,monthly,0,expiring,EMP-002
CON-00422,CLT-0423,2026-09-01,2027-09-01,110500,quarterly,0,renewed,EMP-003
CON-00423,CLT-0424,2026-01-01,2027-01-01,110750,project,1,cancelled,EMP-004
CON-00424,CLT-0425,2026-02-01,2027-02-01,111000,annual,0,active,EMP-005
CON-00425,CLT-0426,2026-03-01,2027-03-01,111250,monthly,0,expiring,EMP-006
CON-00426,CLT-0427,2026-04-01,2027-04-01,111500,quarterly,1,renewed,EMP-007
CON-00427,CLT-0428,2026-05-01,2027-05-01,111750,project,0,cancelled,EMP-008
CON-00428,CLT-0429,2026-06-01,2027-06-01,112000,annual,0,active,EMP-009
CON-00429,CLT-0430,2026-07-01,2027-07-01,112250,monthly,1,expiring,EMP-010
CON-00430,CLT-0431,2026-08-01,2027-08-01,112500,quarterly,0,renewed,EMP-011
CON-00431,CLT-0432,2026-09-01,2027-09-01,112750,project,0,cancelled,EMP-012
CON-00432,CLT-0433,2026-01-01,2027-01-01,113000,annual,1,active,EMP-013
CON-00433,CLT-0434,2026-02-01,2027-02-01,113250,monthly,0,expiring,EMP-014
CON-00434,CLT-0435,2026-03-01,2027-03-01,113500,quarterly,0,renewed,EMP-015
CON-00435,CLT-0436,2026-04-01,2027-04-01,113750,project,1,cancelled,EMP-016
CON-00436,CLT-0437,2026-05-01,2027-05-01,114000,annual,0,active,EMP-017
CON-00437,CLT-0438,2026-06-01,2027-06-01,114250,monthly,0,expiring,EMP-018
CON-00438,CLT-0439,2026-07-01,2027-07-01,114500,quarterly,1,renewed,EMP-019
CON-00439,CLT-0440,2026-08-01,2027-08-01,114750,project,0,cancelled,EMP-020
CON-00440,CLT-0441,2026-09-01,2027-09-01,115000,annual,0,active,EMP-001
CON-00441,CLT-0442,2026-01-01,2027-01-01,115250,monthly,1,expiring,EMP-002
CON-00442,CLT-0443,2026-02-01,2027-02-01,115500,quarterly,0,renewed,EMP-003
CON-00443,CLT-0444,2026-03-01,2027-03-01,115750,project,0,cancelled,EMP-004
CON-00444,CLT-0445,2026-04-01,2027-04-01,116000,annual,1,active,EMP-005
CON-00445,CLT-0446,2026-05-01,2027-05-01,116250,monthly,0,expiring,EMP-006
CON-00446,CLT-0447,2026-06-01,2027-06-01,116500,quarterly,0,renewed,EMP-007
CON-00447,CLT-0448,2026-07-01,2027-07-01,116750,project,1,cancelled,EMP-008
CON-00448,CLT-0449,2026-08-01,2027-08-01,117000,annual,0,active,EMP-009
CON-00449,CLT-0450,2026-09-01,2027-09-01,117250,monthly,0,expiring,EMP-010
CON-00450,CLT-0451,2026-01-01,2027-01-01,117500,quarterly,1,renewed,EMP-011
CON-00451,CLT-0452,2026-02-01,2027-02-01,117750,project,0,cancelled,EMP-012
CON-00452,CLT-0453,2026-03-01,2027-03-01,118000,annual,0,active,EMP-013
CON-00453,CLT-0454,2026-04-01,2027-04-01,118250,monthly,1,expiring,EMP-014
CON-00454,CLT-0455,2026-05-01,2027-05-01,118500,quarterly,0,renewed,EMP-015
CON-00455,CLT-0456,2026-06-01,2027-06-01,118750,project,0,cancelled,EMP-016
CON-00456,CLT-0457,2026-07-01,2027-07-01,119000,annual,1,active,EMP-017
CON-00457,CLT-0458,2026-08-01,2027-08-01,119250,monthly,0,expiring,EMP-018
CON-00458,CLT-0459,2026-09-01,2027-09-01,119500,quarterly,0,renewed,EMP-019
CON-00459,CLT-0460,2026-01-01,2027-01-01,119750,project,1,cancelled,EMP-020
CON-00460,CLT-0461,2026-02-01,2027-02-01,120000,annual,0,active,EMP-001
CON-00461,CLT-0462,2026-03-01,2027-03-01,120250,monthly,0,expiring,EMP-002
CON-00462,CLT-0463,2026-04-01,2027-04-01,120500,quarterly,1,renewed,EMP-003
CON-00463,CLT-0464,2026-05-01,2027-05-01,120750,project,0,cancelled,EMP-004
CON-00464,CLT-0465,2026-06-01,2027-06-01,121000,annual,0,active,EMP-005
CON-00465,CLT-0466,2026-07-01,2027-07-01,121250,monthly,1,expiring,EMP-006
CON-00466,CLT-0467,2026-08-01,2027-08-01,121500,quarterly,0,renewed,EMP-007
CON-00467,CLT-0468,2026-09-01,2027-09-01,121750,project,0,cancelled,EMP-008
CON-00468,CLT-0469,2026-01-01,2027-01-01,122000,annual,1,active,EMP-009
CON-00469,CLT-0470,2026-02-01,2027-02-01,122250,monthly,0,expiring,EMP-010
CON-00470,CLT-0471,2026-03-01,2027-03-01,122500,quarterly,0,renewed,EMP-011
CON-00471,CLT-0472,2026-04-01,2027-04-01,122750,project,1,cancelled,EMP-012
CON-00472,CLT-0473,2026-05-01,2027-05-01,123000,annual,0,active,EMP-013
CON-00473,CLT-0474,2026-06-01,2027-06-01,123250,monthly,0,expiring,EMP-014
CON-00474,CLT-0475,2026-07-01,2027-07-01,123500,quarterly,1,renewed,EMP-015
CON-00475,CLT-0476,2026-08-01,2027-08-01,123750,project,0,cancelled,EMP-016
CON-00476,CLT-0477,2026-09-01,2027-09-01,124000,annual,0,active,EMP-017
CON-00477,CLT-0478,2026-01-01,2027-01-01,124250,monthly,1,expiring,EMP-018
CON-00478,CLT-0479,2026-02-01,2027-02-01,124500,quarterly,0,renewed,EMP-019
CON-00479,CLT-0480,2026-03-01,2027-03-01,124750,project,0,cancelled,EMP-020
CON-00480,CLT-0481,2026-04-01,2027-04-01,125000,annual,1,active,EMP-001
CON-00481,CLT-0482,2026-05-01,2027-05-01,125250,monthly,0,expiring,EMP-002
CON-00482,CLT-0483,2026-06-01,2027-06-01,125500,quarterly,0,renewed,EMP-003
CON-00483,CLT-0484,2026-07-01,2027-07-01,125750,project,1,cancelled,EMP-004
CON-00484,CLT-0485,2026-08-01,2027-08-01,126000,annual,0,active,EMP-005
CON-00485,CLT-0486,2026-09-01,2027-09-01,126250,monthly,0,expiring,EMP-006
CON-00486,CLT-0487,2026-01-01,2027-01-01,126500,quarterly,1,renewed,EMP-007
CON-00487,CLT-0488,2026-02-01,2027-02-01,126750,project,0,cancelled,EMP-008
CON-00488,CLT-0489,2026-03-01,2027-03-01,127000,annual,0,active,EMP-009
CON-00489,CLT-0490,2026-04-01,2027-04-01,127250,monthly,1,expiring,EMP-010
CON-00490,CLT-0491,2026-05-01,2027-05-01,127500,quarterly,0,renewed,EMP-011
CON-00491,CLT-0492,2026-06-01,2027-06-01,127750,project,0,cancelled,EMP-012
CON-00492,CLT-0493,2026-07-01,2027-07-01,128000,annual,1,active,EMP-013
CON-00493,CLT-0494,2026-08-01,2027-08-01,128250,monthly,0,expiring,EMP-014
CON-00494,CLT-0495,2026-09-01,2027-09-01,128500,quarterly,0,renewed,EMP-015
CON-00495,CLT-0496,2026-01-01,2027-01-01,128750,project,1,cancelled,EMP-016
CON-00496,CLT-0497,2026-02-01,2027-02-01,129000,annual,0,active,EMP-017
CON-00497,CLT-0498,2026-03-01,2027-03-01,129250,monthly,0,expiring,EMP-018
CON-00498,CLT-0499,2026-04-01,2027-04-01,129500,quarterly,1,renewed,EMP-019
CON-00499,CLT-0500,2026-05-01,2027-05-01,129750,project,0,cancelled,EMP-020
CON-00500,CLT-0001,2026-06-01,2027-06-01,130000,annual,0,active,EMP-001
