asset_id,name,serial_number,purchase_date,warranty_expiry,last_service,next_service,status,assigned_to,location
AST-00001,Equipment 1,SN-00000001,2021-02-02,2028-02-02,2026-02-02,2026-8-02,maintenance,EMP-002,Building 2 Room 2
AST-00002,Equipment 2,SN-00000002,2022-03-03,2029-03-03,2026-03-03,2026-9-03,retired,EMP-003,Building 3 Room 3
AST-00003,Equipment 3,SN-00000003,2023-04-04,20210-04-04,2026-04-04,2026-10-04,standby,EMP-004,Building 4 Room 4
AST-00004,Equipment 4,SN-00000004,2024-05-05,20211-05-05,2026-05-05,2026-11-05,active,EMP-005,Building 5 Room 5
AST-00005,Equipment 5,SN-00000005,2025-06-06,2027-06-06,2026-06-06,2026-12-06,maintenance,EMP-006,Building 1 Room 6
AST-00006,Equipment 6,SN-00000006,2026-07-07,2028-07-07,2026-07-07,2026-7-07,retired,EMP-007,Building 2 Room 7
AST-00007,Equipment 7,SN-00000007,2020-08-08,2029-08-08,2026-08-08,2026-8-08,standby,EMP-008,Building 3 Room 8
AST-00008,Equipment 8,SN-00000008,2021-09-09,20210-09-09,2026-09-09,2026-9-09,active,EMP-009,Building 4 Room 9
AST-00009,Equipment 9,SN-00000009,2022-01-10,20211-01-10,2026-01-10,2026-10-10,maintenance,EMP-010,Building 5 Room 10
AST-00010,Equipment 10,SN-00000010,2023-02-11,2027-02-11,2026-02-11,2026-11-11,retired,EMP-011,Building 1 Room 11
AST-00011,Equipment 11,SN-00000011,2024-03-12,2028-03-12,2026-03-12,2026-12-12,standby,EMP-012,Building 2 Room 12
AST-00012,Equipment 12,SN-00000012,2025-04-13,2029-04-13,2026-04-13,2026-7-13,active,EMP-013,Building 3 Room 13
AST-00013,Equipment 13,SN-00000013,2026-05-14,20210-05-14,2026-05-14,2026-8-14,maintenance,EMP-014,Building 4 Room 14
AST-00014,Equipment 14,SN-00000014,2020-06-15,20211-06-15,2026-06-15,2026-9-15,retired,EMP-015,Building 5 Room 15
AST-00015,Equipment 15,SN-00000015,2021-07-16,2027-07-16,2026-07-16,2026-10-16,standby,EMP-016,Building 1 Room 16
AST-00016,Equipment 16,SN-00000016,2022-08-17,2028-08-17,2026-08-17,2026-11-17,active,EMP-017,Building 2 Room 17
AST-00017,Equipment 17,SN-00000017,2023-09-18,2029-09-18,2026-09-18,2026-12-18,maintenance,EMP-018,Building 3 Room 18
AST-00018,Equipment 18,SN-00000018,2024-01-19,20210-01-19,2026-01-19,2026-7-19,retired,EMP-019,Building 4 Room 19
AST-00019,Equipment 19,SN-00000019,2025-02-20,20211-02-20,2026-02-20,2026-8-20,standby,EMP-020,Building 5 Room 20
AST-00020,Equipment 20,SN-00000020,2026-03-21,2027-03-21,2026-03-21,2026-9-21,active,EMP-021,Building 1 Room 1
AST-00021,Equipment 21,SN-00000021,2020-04-22,2028-04-22,2026-04-22,2026-10-22,maintenance,EMP-022,Building 2 Room 2
AST-00022,Equipment 22,SN-00000022,2021-05-23,2029-05-23,2026-05-23,2026-11-23,retired,EMP-023,Building 3 Room 3
AST-00023,Equipment 23,SN-00000023,2022-06-24,20210-06-24,2026-06-24,2026-12-24,standby,EMP-024,Building 4 Room 4
AST-00024,Equipment 24,SN-00000024,2023-07-25,20211-07-25,2026-07-25,2026-7-25,active,EMP-025,Building 5 Room 5
AST-00025,Equipment 25,SN-00000025,2024-08-26,2027-08-26,2026-08-26,2026-8-26,maintenance,EMP-026,Building 1 Room 6
AST-00026,Equipment 26,SN-00000026,2025-09-27,2028-09-27,2026-09-27,2026-9-27,retired,EMP-027,Building 2 Room 7
AST-00027,Equipment 27,SN-00000027,2026-01-28,2029-01-28,2026-01-28,2026-10-28,standby,EMP-028,Building 3 Room 8
AST-00028,Equipment 28,SN-00000028,2020-02-01,20210-02-01,2026-02-01,2026-11-01,active,EMP-029,Building 4 Room 9
AST-00029,Equipment 29,SN-00000029,2021-03-02,20211-03-02,2026-03-02,2026-12-02,maintenance,EMP-030,Building 5 Room 10
AST-00030,Equipment 30,SN-00000030,2022-04-03,2027-04-03,2026-04-03,2026-7-03,retired,EMP-031,Building 1 Room 11
AST-00031,Equipment 31,SN-00000031,2023-05-04,2028-05-04,2026-05-04,2026-8-04,standby,EMP-032,Building 2 Room 12
AST-00032,Equipment 32,SN-00000032,2024-06-05,2029-06-05,2026-06-05,2026-9-05,active,EMP-033,Building 3 Room 13
AST-00033,Equipment 33,SN-00000033,2025-07-06,20210-07-06,2026-07-06,2026-10-06,maintenance,EMP-034,Building 4 Room 14
AST-00034,Equipment 34,SN-00000034,2026-08-07,20211-08-07,2026-08-07,2026-11-07,retired,EMP-035,Building 5 Room 15
AST-00035,Equipment 35,SN-00000035,2020-09-08,2027-09-08,2026-09-08,2026-12-08,standby,EMP-036,Building 1 Room 16
AST-00036,Equipment 36,SN-00000036,2021-01-09,2028-01-09,2026-01-09,2026-7-09,active,EMP-037,Building 2 Room 17
AST-00037,Equipment 37,SN-00000037,2022-02-10,2029-02-10,2026-02-10,2026-8-10,maintenance,EMP-038,Building 3 Room 18
AST-00038,Equipment 38,SN-00000038,2023-03-11,20210-03-11,2026-03-11,2026-9-11,retired,EMP-039,Building 4 Room 19
AST-00039,Equipment 39,SN-00000039,2024-04-12,20211-04-12,2026-04-12,2026-10-12,standby,EMP-040,Building 5 Room 20
AST-00040,Equipment 40,SN-00000040,2025-05-13,2027-05-13,2026-05-13,2026-11-13,active,EMP-041,Building 1 Room 1
AST-00041,Equipment 41,SN-00000041,2026-06-14,2028-06-14,2026-06-14,2026-12-14,maintenance,EMP-042,Building 2 Room 2
AST-00042,Equipment 42,SN-00000042,2020-07-15,2029-07-15,2026-07-15,2026-7-15,retired,EMP-043,Building 3 Room 3
AST-00043,Equipment 43,SN-00000043,2021-08-16,20210-08-16,2026-08-16,2026-8-16,standby,EMP-044,Building 4 Room 4
AST-00044,Equipment 44,SN-00000044,2022-09-17,20211-09-17,2026-09-17,2026-9-17,active,EMP-045,Building 5 Room 5
AST-00045,Equipment 45,SN-00000045,2023-01-18,2027-01-18,2026-01-18,2026-10-18,maintenance,EMP-046,Building 1 Room 6
AST-00046,Equipment 46,SN-00000046,2024-02-19,2028-02-19,2026-02-19,2026-11-19,retired,EMP-047,Building 2 Room 7
AST-00047,Equipment 47,SN-00000047,2025-03-20,2029-03-20,2026-03-20,2026-12-20,standby,EMP-048,Building 3 Room 8
AST-00048,Equipment 48,SN-00000048,2026-04-21,20210-04-21,2026-04-21,2026-7-21,active,EMP-049,Building 4 Room 9
AST-00049,Equipment 49,SN-00000049,2020-05-22,20211-05-22,2026-05-22,2026-8-22,maintenance,EMP-050,Building 5 Room 10
AST-00050,Equipment 50,SN-00000050,2021-06-23,2027-06-23,2026-06-23,2026-9-23,retired,EMP-001,Building 1 Room 11
AST-00051,Equipment 51,SN-00000051,2022-07-24,2028-07-24,2026-07-24,2026-10-24,standby,EMP-002,Building 2 Room 12
AST-00052,Equipment 52,SN-00000052,2023-08-25,2029-08-25,2026-08-25,2026-11-25,active,EMP-003,Building 3 Room 13
AST-00053,Equipment 53,SN-00000053,2024-09-26,20210-09-26,2026-09-26,2026-12-26,maintenance,EMP-004,Building 4 Room 14
AST-00054,Equipment 54,SN-00000054,2025-01-27,20211-01-27,2026-01-27,2026-7-27,retired,EMP-005,Building 5 Room 15
AST-00055,Equipment 55,SN-00000055,2026-02-28,2027-02-28,2026-02-28,2026-8-28,standby,EMP-006,Building 1 Room 16
AST-00056,Equipment 56,SN-00000056,2020-03-01,2028-03-01,2026-03-01,2026-9-01,active,EMP-007,Building 2 Room 17
AST-00057,Equipment 57,SN-00000057,2021-04-02,2029-04-02,2026-04-02,2026-10-02,maintenance,EMP-008,Building 3 Room 18
AST-00058,Equipment 58,SN-00000058,2022-05-03,20210-05-03,2026-05-03,2026-11-03,retired,EMP-009,Building 4 Room 19
AST-00059,Equipment 59,SN-00000059,2023-06-04,20211-06-04,2026-06-04,2026-12-04,standby,EMP-010,Building 5 Room 20
AST-00060,Equipment 60,SN-00000060,2024-07-05,2027-07-05,2026-07-05,2026-7-05,active,EMP-011,Building 1 Room 1
AST-00061,Equipment 61,SN-00000061,2025-08-06,2028-08-06,2026-08-06,2026-8-06,maintenance,EMP-012,Building 2 Room 2
AST-00062,Equipment 62,SN-00000062,2026-09-07,2029-09-07,2026-09-07,2026-9-07,retired,EMP-013,Building 3 Room 3
AST-00063,Equipment 63,SN-00000063,2020-01-08,20210-01-08,2026-01-08,2026-10-08,standby,EMP-014,Building 4 Room 4
AST-00064,Equipment 64,SN-00000064,2021-02-09,20211-02-09,2026-02-09,2026-11-09,active,EMP-015,Building 5 Room 5
AST-00065,Equipment 65,SN-00000065,2022-03-10,2027-03-10,2026-03-10,2026-12-10,maintenance,EMP-016,Building 1 Room 6
AST-00066,Equipment 66,SN-00000066,2023-04-11,2028-04-11,2026-04-11,2026-7-11,retired,EMP-017,Building 2 Room 7
AST-00067,Equipment 67,SN-00000067,2024-05-12,2029-05-12,2026-05-12,2026-8-12,standby,EMP-018,Building 3 Room 8
AST-00068,Equipment 68,SN-00000068,2025-06-13,20210-06-13,2026-06-13,2026-9-13,active,EMP-019,Building 4 Room 9
AST-00069,Equipment 69,SN-00000069,2026-07-14,20211-07-14,2026-07-14,2026-10-14,maintenance,EMP-020,Building 5 Room 10
AST-00070,Equipment 70,SN-00000070,2020-08-15,2027-08-15,2026-08-15,2026-11-15,retired,EMP-021,Building 1 Room 11
AST-00071,Equipment 71,SN-00000071,2021-09-16,2028-09-16,2026-09-16,2026-12-16,standby,EMP-022,Building 2 Room 12
AST-00072,Equipment 72,SN-00000072,2022-01-17,2029-01-17,2026-01-17,2026-7-17,active,EMP-023,Building 3 Room 13
AST-00073,Equipment 73,SN-00000073,2023-02-18,20210-02-18,2026-02-18,2026-8-18,maintenance,EMP-024,Building 4 Room 14
AST-00074,Equipment 74,SN-00000074,2024-03-19,20211-03-19,2026-03-19,2026-9-19,retired,EMP-025,Building 5 Room 15
AST-00075,Equipment 75,SN-00000075,2025-04-20,2027-04-20,2026-04-20,2026-10-20,standby,EMP-026,Building 1 Room 16
AST-00076,Equipment 76,SN-00000076,2026-05-21,2028-05-21,2026-05-21,2026-11-21,active,EMP-027,Building 2 Room 17
AST-00077,Equipment 77,SN-00000077,2020-06-22,2029-06-22,2026-06-22,2026-12-22,maintenance,EMP-028,Building 3 Room 18
AST-00078,Equipment 78,SN-00000078,2021-07-23,20210-07-23,2026-07-23,2026-7-23,retired,EMP-029,Building 4 Room 19
AST-00079,Equipment 79,SN-00000079,2022-08-24,20211-08-24,2026-08-24,2026-8-24,standby,EMP-030,Building 5 Room 20
AST-00080,Equipment 80,SN-00000080,2023-09-25,2027-09-25,2026-09-25,2026-9-25,active,EMP-031,Building 1 Room 1
AST-00081,Equipment 81,SN-00000081,2024-01-26,2028-01-26,2026-01-26,2026-10-26,maintenance,EMP-032,Building 2 Room 2
AST-00082,Equipment 82,SN-00000082,2025-02-27,2029-02-27,2026-02-27,2026-11-27,retired,EMP-033,Building 3 Room 3
AST-00083,Equipment 83,SN-00000083,2026-03-28,20210-03-28,2026-03-28,2026-12-28,standby,EMP-034,Building 4 Room 4
AST-00084,Equipment 84,SN-00000084,2020-04-01,20211-04-01,2026-04-01,2026-7-01,active,EMP-035,Building 5 Room 5
AST-00085,Equipment 85,SN-00000085,2021-05-02,2027-05-02,2026-05-02,2026-8-02,maintenance,EMP-036,Building 1 Room 6
AST-00086,Equipment 86,SN-00000086,2022-06-03,2028-06-03,2026-06-03,2026-9-03,retired,EMP-037,Building 2 Room 7
AST-00087,Equipment 87,SN-00000087,2023-07-04,2029-07-04,2026-07-04,2026-10-04,standby,EMP-038,Building 3 Room 8
AST-00088,Equipment 88,SN-00000088,2024-08-05,20210-08-05,2026-08-05,2026-11-05,active,EMP-039,Building 4 Room 9
AST-00089,Equipment 89,SN-00000089,2025-09-06,20211-09-06,2026-09-06,2026-12-06,maintenance,EMP-040,Building 5 Room 10
AST-00090,Equipment 90,SN-00000090,2026-01-07,2027-01-07,2026-01-07,2026-7-07,retired,EMP-041,Building 1 Room 11
AST-00091,Equipment 91,SN-00000091,2020-02-08,2028-02-08,2026-02-08,2026-8-08,standby,EMP-042,Building 2 Room 12
AST-00092,Equipment 92,SN-00000092,2021-03-09,2029-03-09,2026-03-09,2026-9-09,active,EMP-043,Building 3 Room 13
AST-00093,Equipment 93,SN-00000093,2022-04-10,20210-04-10,2026-04-10,2026-10-10,maintenance,EMP-044,Building 4 Room 14
AST-00094,Equipment 94,SN-00000094,2023-05-11,20211-05-11,2026-05-11,2026-11-11,retired,EMP-045,Building 5 Room 15
AST-00095,Equipment 95,SN-00000095,2024-06-12,2027-06-12,2026-06-12,2026-12-12,standby,EMP-046,Building 1 Room 16
AST-00096,Equipment 96,SN-00000096,2025-07-13,2028-07-13,2026-07-13,2026-7-13,active,EMP-047,Building 2 Room 17
AST-00097,Equipment 97,SN-00000097,2026-08-14,2029-08-14,2026-08-14,2026-8-14,maintenance,EMP-048,Building 3 Room 18
AST-00098,Equipment 98,SN-00000098,2020-09-15,20210-09-15,2026-09-15,2026-9-15,retired,EMP-049,Building 4 Room 19
AST-00099,Equipment 99,SN-00000099,2021-01-16,20211-01-16,2026-01-16,2026-10-16,standby,EMP-050,Building 5 Room 20
AST-00100,Equipment 100,SN-00000100,2022-02-17,2027-02-17,2026-02-17,2026-11-17,active,EMP-001,Building 1 Room 1
AST-00101,Equipment 101,SN-00000101,2023-03-18,2028-03-18,2026-03-18,2026-12-18,maintenance,EMP-002,Building 2 Room 2
AST-00102,Equipment 102,SN-00000102,2024-04-19,2029-04-19,2026-04-19,2026-7-19,retired,EMP-003,Building 3 Room 3
AST-00103,Equipment 103,SN-00000103,2025-05-20,20210-05-20,2026-05-20,2026-8-20,standby,EMP-004,Building 4 Room 4
AST-00104,Equipment 104,SN-00000104,2026-06-21,20211-06-21,2026-06-21,2026-9-21,active,EMP-005,Building 5 Room 5
AST-00105,Equipment 105,SN-00000105,2020-07-22,2027-07-22,2026-07-22,2026-10-22,maintenance,EMP-006,Building 1 Room 6
AST-00106,Equipment 106,SN-00000106,2021-08-23,2028-08-23,2026-08-23,2026-11-23,retired,EMP-007,Building 2 Room 7
AST-00107,Equipment 107,SN-00000107,2022-09-24,2029-09-24,2026-09-24,2026-12-24,standby,EMP-008,Building 3 Room 8
AST-00108,Equipment 108,SN-00000108,2023-01-25,20210-01-25,2026-01-25,2026-7-25,active,EMP-009,Building 4 Room 9
AST-00109,Equipment 109,SN-00000109,2024-02-26,20211-02-26,2026-02-26,2026-8-26,maintenance,EMP-010,Building 5 Room 10
AST-00110,Equipment 110,SN-00000110,2025-03-27,2027-03-27,2026-03-27,2026-9-27,retired,EMP-011,Building 1 Room 11
AST-00111,Equipment 111,SN-00000111,2026-04-28,2028-04-28,2026-04-28,2026-10-28,standby,EMP-012,Building 2 Room 12
AST-00112,Equipment 112,SN-00000112,2020-05-01,2029-05-01,2026-05-01,2026-11-01,active,EMP-013,Building 3 Room 13
AST-00113,Equipment 113,SN-00000113,2021-06-02,20210-06-02,2026-06-02,2026-12-02,maintenance,EMP-014,Building 4 Room 14
AST-00114,Equipment 114,SN-00000114,2022-07-03,20211-07-03,2026-07-03,2026-7-03,retired,EMP-015,Building 5 Room 15
AST-00115,Equipment 115,SN-00000115,2023-08-04,2027-08-04,2026-08-04,2026-8-04,standby,EMP-016,Building 1 Room 16
AST-00116,Equipment 116,SN-00000116,2024-09-05,2028-09-05,2026-09-05,2026-9-05,active,EMP-017,Building 2 Room 17
AST-00117,Equipment 117,SN-00000117,2025-01-06,2029-01-06,2026-01-06,2026-10-06,maintenance,EMP-018,Building 3 Room 18
AST-00118,Equipment 118,SN-00000118,2026-02-07,20210-02-07,2026-02-07,2026-11-07,retired,EMP-019,Building 4 Room 19
AST-00119,Equipment 119,SN-00000119,2020-03-08,20211-03-08,2026-03-08,2026-12-08,standby,EMP-020,Building 5 Room 20
AST-00120,Equipment 120,SN-00000120,2021-04-09,2027-04-09,2026-04-09,2026-7-09,active,EMP-021,Building 1 Room 1
AST-00121,Equipment 121,SN-00000121,2022-05-10,2028-05-10,2026-05-10,2026-8-10,maintenance,EMP-022,Building 2 Room 2
AST-00122,Equipment 122,SN-00000122,2023-06-11,2029-06-11,2026-06-11,2026-9-11,retired,EMP-023,Building 3 Room 3
AST-00123,Equipment 123,SN-00000123,2024-07-12,20210-07-12,2026-07-12,2026-10-12,standby,EMP-024,Building 4 Room 4
AST-00124,Equipment 124,SN-00000124,2025-08-13,20211-08-13,2026-08-13,2026-11-13,active,EMP-025,Building 5 Room 5
AST-00125,Equipment 125,SN-00000125,2026-09-14,2027-09-14,2026-09-14,2026-12-14,maintenance,EMP-026,Building 1 Room 6
AST-00126,Equipment 126,SN-00000126,2020-01-15,2028-01-15,2026-01-15,2026-7-15,retired,EMP-027,Building 2 Room 7
AST-00127,Equipment 127,SN-00000127,2021-02-16,2029-02-16,2026-02-16,2026-8-16,standby,EMP-028,Building 3 Room 8
AST-00128,Equipment 128,SN-00000128,2022-03-17,20210-03-17,2026-03-17,2026-9-17,active,EMP-029,Building 4 Room 9
AST-00129,Equipment 129,SN-00000129,2023-04-18,20211-04-18,2026-04-18,2026-10-18,maintenance,EMP-030,Building 5 Room 10
AST-00130,Equipment 130,SN-00000130,2024-05-19,2027-05-19,2026-05-19,2026-11-19,retired,EMP-031,Building 1 Room 11
AST-00131,Equipment 131,SN-00000131,2025-06-20,2028-06-20,2026-06-20,2026-12-20,standby,EMP-032,Building 2 Room 12
AST-00132,Equipment 132,SN-00000132,2026-07-21,2029-07-21,2026-07-21,2026-7-21,active,EMP-033,Building 3 Room 13
AST-00133,Equipment 133,SN-00000133,2020-08-22,20210-08-22,2026-08-22,2026-8-22,maintenance,EMP-034,Building 4 Room 14
AST-00134,Equipment 134,SN-00000134,2021-09-23,20211-09-23,2026-09-23,2026-9-23,retired,EMP-035,Building 5 Room 15
AST-00135,Equipment 135,SN-00000135,2022-01-24,2027-01-24,2026-01-24,2026-10-24,standby,EMP-036,Building 1 Room 16
AST-00136,Equipment 136,SN-00000136,2023-02-25,2028-02-25,2026-02-25,2026-11-25,active,EMP-037,Building 2 Room 17
AST-00137,Equipment 137,SN-00000137,2024-03-26,2029-03-26,2026-03-26,2026-12-26,maintenance,EMP-038,Building 3 Room 18
AST-00138,Equipment 138,SN-00000138,2025-04-27,20210-04-27,2026-04-27,2026-7-27,retired,EMP-039,Building 4 Room 19
AST-00139,Equipment 139,SN-00000139,2026-05-28,20211-05-28,2026-05-28,2026-8-28,standby,EMP-040,Building 5 Room 20
AST-00140,Equipment 140,SN-00000140,2020-06-01,2027-06-01,2026-06-01,2026-9-01,active,EMP-041,Building 1 Room 1
AST-00141,Equipment 141,SN-00000141,2021-07-02,2028-07-02,2026-07-02,2026-10-02,maintenance,EMP-042,Building 2 Room 2
AST-00142,Equipment 142,SN-00000142,2022-08-03,2029-08-03,2026-08-03,2026-11-03,retired,EMP-043,Building 3 Room 3
AST-00143,Equipment 143,SN-00000143,2023-09-04,20210-09-04,2026-09-04,2026-12-04,standby,EMP-044,Building 4 Room 4
AST-00144,Equipment 144,SN-00000144,2024-01-05,20211-01-05,2026-01-05,2026-7-05,active,EMP-045,Building 5 Room 5
AST-00145,Equipment 145,SN-00000145,2025-02-06,2027-02-06,2026-02-06,2026-8-06,maintenance,EMP-046,Building 1 Room 6
AST-00146,Equipment 146,SN-00000146,2026-03-07,2028-03-07,2026-03-07,2026-9-07,retired,EMP-047,Building 2 Room 7
AST-00147,Equipment 147,SN-00000147,2020-04-08,2029-04-08,2026-04-08,2026-10-08,standby,EMP-048,Building 3 Room 8
AST-00148,Equipment 148,SN-00000148,2021-05-09,20210-05-09,2026-05-09,2026-11-09,active,EMP-049,Building 4 Room 9
AST-00149,Equipment 149,SN-00000149,2022-06-10,20211-06-10,2026-06-10,2026-12-10,maintenance,EMP-050,Building 5 Room 10
AST-00150,Equipment 150,SN-00000150,2023-07-11,2027-07-11,2026-07-11,2026-7-11,retired,EMP-001,Building 1 Room 11
AST-00151,Equipment 151,SN-00000151,2024-08-12,2028-08-12,2026-08-12,2026-8-12,standby,EMP-002,Building 2 Room 12
AST-00152,Equipment 152,SN-00000152,2025-09-13,2029-09-13,2026-09-13,2026-9-13,active,EMP-003,Building 3 Room 13
AST-00153,Equipment 153,SN-00000153,2026-01-14,20210-01-14,2026-01-14,2026-10-14,maintenance,EMP-004,Building 4 Room 14
AST-00154,Equipment 154,SN-00000154,2020-02-15,20211-02-15,2026-02-15,2026-11-15,retired,EMP-005,Building 5 Room 15
AST-00155,Equipment 155,SN-00000155,2021-03-16,2027-03-16,2026-03-16,2026-12-16,standby,EMP-006,Building 1 Room 16
AST-00156,Equipment 156,SN-00000156,2022-04-17,2028-04-17,2026-04-17,2026-7-17,active,EMP-007,Building 2 Room 17
AST-00157,Equipment 157,SN-00000157,2023-05-18,2029-05-18,2026-05-18,2026-8-18,maintenance,EMP-008,Building 3 Room 18
AST-00158,Equipment 158,SN-00000158,2024-06-19,20210-06-19,2026-06-19,2026-9-19,retired,EMP-009,Building 4 Room 19
AST-00159,Equipment 159,SN-00000159,2025-07-20,20211-07-20,2026-07-20,2026-10-20,standby,EMP-010,Building 5 Room 20
AST-00160,Equipment 160,SN-00000160,2026-08-21,2027-08-21,2026-08-21,2026-11-21,active,EMP-011,Building 1 Room 1
AST-00161,Equipment 161,SN-00000161,2020-09-22,2028-09-22,2026-09-22,2026-12-22,maintenance,EMP-012,Building 2 Room 2
AST-00162,Equipment 162,SN-00000162,2021-01-23,2029-01-23,2026-01-23,2026-7-23,retired,EMP-013,Building 3 Room 3
AST-00163,Equipment 163,SN-00000163,2022-02-24,20210-02-24,2026-02-24,2026-8-24,standby,EMP-014,Building 4 Room 4
AST-00164,Equipment 164,SN-00000164,2023-03-25,20211-03-25,2026-03-25,2026-9-25,active,EMP-015,Building 5 Room 5
AST-00165,Equipment 165,SN-00000165,2024-04-26,2027-04-26,2026-04-26,2026-10-26,maintenance,EMP-016,Building 1 Room 6
AST-00166,Equipment 166,SN-00000166,2025-05-27,2028-05-27,2026-05-27,2026-11-27,retired,EMP-017,Building 2 Room 7
AST-00167,Equipment 167,SN-00000167,2026-06-28,2029-06-28,2026-06-28,2026-12-28,standby,EMP-018,Building 3 Room 8
AST-00168,Equipment 168,SN-00000168,2020-07-01,20210-07-01,2026-07-01,2026-7-01,active,EMP-019,Building 4 Room 9
AST-00169,Equipment 169,SN-00000169,2021-08-02,20211-08-02,2026-08-02,2026-8-02,maintenance,EMP-020,Building 5 Room 10
AST-00170,Equipment 170,SN-00000170,2022-09-03,2027-09-03,2026-09-03,2026-9-03,retired,EMP-021,Building 1 Room 11
AST-00171,Equipment 171,SN-00000171,2023-01-04,2028-01-04,2026-01-04,2026-10-04,standby,EMP-022,Building 2 Room 12
AST-00172,Equipment 172,SN-00000172,2024-02-05,2029-02-05,2026-02-05,2026-11-05,active,EMP-023,Building 3 Room 13
AST-00173,Equipment 173,SN-00000173,2025-03-06,20210-03-06,2026-03-06,2026-12-06,maintenance,EMP-024,Building 4 Room 14
AST-00174,Equipment 174,SN-00000174,2026-04-07,20211-04-07,2026-04-07,2026-7-07,retired,EMP-025,Building 5 Room 15
AST-00175,Equipment 175,SN-00000175,2020-05-08,2027-05-08,2026-05-08,2026-8-08,standby,EMP-026,Building 1 Room 16
AST-00176,Equipment 176,SN-00000176,2021-06-09,2028-06-09,2026-06-09,2026-9-09,active,EMP-027,Building 2 Room 17
AST-00177,Equipment 177,SN-00000177,2022-07-10,2029-07-10,2026-07-10,2026-10-10,maintenance,EMP-028,Building 3 Room 18
AST-00178,Equipment 178,SN-00000178,2023-08-11,20210-08-11,2026-08-11,2026-11-11,retired,EMP-029,Building 4 Room 19
AST-00179,Equipment 179,SN-00000179,2024-09-12,20211-09-12,2026-09-12,2026-12-12,standby,EMP-030,Building 5 Room 20
AST-00180,Equipment 180,SN-00000180,2025-01-13,2027-01-13,2026-01-13,2026-7-13,active,EMP-031,Building 1 Room 1
AST-00181,Equipment 181,SN-00000181,2026-02-14,2028-02-14,2026-02-14,2026-8-14,maintenance,EMP-032,Building 2 Room 2
AST-00182,Equipment 182,SN-00000182,2020-03-15,2029-03-15,2026-03-15,2026-9-15,retired,EMP-033,Building 3 Room 3
AST-00183,Equipment 183,SN-00000183,2021-04-16,20210-04-16,2026-04-16,2026-10-16,standby,EMP-034,Building 4 Room 4
AST-00184,Equipment 184,SN-00000184,2022-05-17,20211-05-17,2026-05-17,2026-11-17,active,EMP-035,Building 5 Room 5
AST-00185,Equipment 185,SN-00000185,2023-06-18,2027-06-18,2026-06-18,2026-12-18,maintenance,EMP-036,Building 1 Room 6
AST-00186,Equipment 186,SN-00000186,2024-07-19,2028-07-19,2026-07-19,2026-7-19,retired,EMP-037,Building 2 Room 7
AST-00187,Equipment 187,SN-00000187,2025-08-20,2029-08-20,2026-08-20,2026-8-20,standby,EMP-038,Building 3 Room 8
AST-00188,Equipment 188,SN-00000188,2026-09-21,20210-09-21,2026-09-21,2026-9-21,active,EMP-039,Building 4 Room 9
AST-00189,Equipment 189,SN-00000189,2020-01-22,20211-01-22,2026-01-22,2026-10-22,maintenance,EMP-040,Building 5 Room 10
AST-00190,Equipment 190,SN-00000190,2021-02-23,2027-02-23,2026-02-23,2026-11-23,retired,EMP-041,Building 1 Room 11
AST-00191,Equipment 191,SN-00000191,2022-03-24,2028-03-24,2026-03-24,2026-12-24,standby,EMP-042,Building 2 Room 12
AST-00192,Equipment 192,SN-00000192,2023-04-25,2029-04-25,2026-04-25,2026-7-25,active,EMP-043,Building 3 Room 13
AST-00193,Equipment 193,SN-00000193,2024-05-26,20210-05-26,2026-05-26,2026-8-26,maintenance,EMP-044,Building 4 Room 14
AST-00194,Equipment 194,SN-00000194,2025-06-27,20211-06-27,2026-06-27,2026-9-27,retired,EMP-045,Building 5 Room 15
AST-00195,Equipment 195,SN-00000195,2026-07-28,2027-07-28,2026-07-28,2026-10-28,standby,EMP-046,Building 1 Room 16
AST-00196,Equipment 196,SN-00000196,2020-08-01,2028-08-01,2026-08-01,2026-11-01,active,EMP-047,Building 2 Room 17
AST-00197,Equipment 197,SN-00000197,2021-09-02,2029-09-02,2026-09-02,2026-12-02,maintenance,EMP-048,Building 3 Room 18
AST-00198,Equipment 198,SN-00000198,2022-01-03,20210-01-03,2026-01-03,2026-7-03,retired,EMP-049,Building 4 Room 19
AST-00199,Equipment 199,SN-00000199,2023-02-04,20211-02-04,2026-02-04,2026-8-04,standby,EMP-050,Building 5 Room 20
AST-00200,Equipment 200,SN-00000200,2024-03-05,2027-03-05,2026-03-05,2026-9-05,active,EMP-001,Building 1 Room 1
AST-00201,Equipment 201,SN-00000201,2025-04-06,2028-04-06,2026-04-06,2026-10-06,maintenance,EMP-002,Building 2 Room 2
AST-00202,Equipment 202,SN-00000202,2026-05-07,2029-05-07,2026-05-07,2026-11-07,retired,EMP-003,Building 3 Room 3
AST-00203,Equipment 203,SN-00000203,2020-06-08,20210-06-08,2026-06-08,2026-12-08,standby,EMP-004,Building 4 Room 4
AST-00204,Equipment 204,SN-00000204,2021-07-09,20211-07-09,2026-07-09,2026-7-09,active,EMP-005,Building 5 Room 5
AST-00205,Equipment 205,SN-00000205,2022-08-10,2027-08-10,2026-08-10,2026-8-10,maintenance,EMP-006,Building 1 Room 6
AST-00206,Equipment 206,SN-00000206,2023-09-11,2028-09-11,2026-09-11,2026-9-11,retired,EMP-007,Building 2 Room 7
AST-00207,Equipment 207,SN-00000207,2024-01-12,2029-01-12,2026-01-12,2026-10-12,standby,EMP-008,Building 3 Room 8
AST-00208,Equipment 208,SN-00000208,2025-02-13,20210-02-13,2026-02-13,2026-11-13,active,EMP-009,Building 4 Room 9
AST-00209,Equipment 209,SN-00000209,2026-03-14,20211-03-14,2026-03-14,2026-12-14,maintenance,EMP-010,Building 5 Room 10
AST-00210,Equipment 210,SN-00000210,2020-04-15,2027-04-15,2026-04-15,2026-7-15,retired,EMP-011,Building 1 Room 11
AST-00211,Equipment 211,SN-00000211,2021-05-16,2028-05-16,2026-05-16,2026-8-16,standby,EMP-012,Building 2 Room 12
AST-00212,Equipment 212,SN-00000212,2022-06-17,2029-06-17,2026-06-17,2026-9-17,active,EMP-013,Building 3 Room 13
AST-00213,Equipment 213,SN-00000213,2023-07-18,20210-07-18,2026-07-18,2026-10-18,maintenance,EMP-014,Building 4 Room 14
AST-00214,Equipment 214,SN-00000214,2024-08-19,20211-08-19,2026-08-19,2026-11-19,retired,EMP-015,Building 5 Room 15
AST-00215,Equipment 215,SN-00000215,2025-09-20,2027-09-20,2026-09-20,2026-12-20,standby,EMP-016,Building 1 Room 16
AST-00216,Equipment 216,SN-00000216,2026-01-21,2028-01-21,2026-01-21,2026-7-21,active,EMP-017,Building 2 Room 17
AST-00217,Equipment 217,SN-00000217,2020-02-22,2029-02-22,2026-02-22,2026-8-22,maintenance,EMP-018,Building 3 Room 18
AST-00218,Equipment 218,SN-00000218,2021-03-23,20210-03-23,2026-03-23,2026-9-23,retired,EMP-019,Building 4 Room 19
AST-00219,Equipment 219,SN-00000219,2022-04-24,20211-04-24,2026-04-24,2026-10-24,standby,EMP-020,Building 5 Room 20
AST-00220,Equipment 220,SN-00000220,2023-05-25,2027-05-25,2026-05-25,2026-11-25,active,EMP-021,Building 1 Room 1
AST-00221,Equipment 221,SN-00000221,2024-06-26,2028-06-26,2026-06-26,2026-12-26,maintenance,EMP-022,Building 2 Room 2
AST-00222,Equipment 222,SN-00000222,2025-07-27,2029-07-27,2026-07-27,2026-7-27,retired,EMP-023,Building 3 Room 3
AST-00223,Equipment 223,SN-00000223,2026-08-28,20210-08-28,2026-08-28,2026-8-28,standby,EMP-024,Building 4 Room 4
AST-00224,Equipment 224,SN-00000224,2020-09-01,20211-09-01,2026-09-01,2026-9-01,active,EMP-025,Building 5 Room 5
AST-00225,Equipment 225,SN-00000225,2021-01-02,2027-01-02,2026-01-02,2026-10-02,maintenance,EMP-026,Building 1 Room 6
AST-00226,Equipment 226,SN-00000226,2022-02-03,2028-02-03,2026-02-03,2026-11-03,retired,EMP-027,Building 2 Room 7
AST-00227,Equipment 227,SN-00000227,2023-03-04,2029-03-04,2026-03-04,2026-12-04,standby,EMP-028,Building 3 Room 8
AST-00228,Equipment 228,SN-00000228,2024-04-05,20210-04-05,2026-04-05,2026-7-05,active,EMP-029,Building 4 Room 9
AST-00229,Equipment 229,SN-00000229,2025-05-06,20211-05-06,2026-05-06,2026-8-06,maintenance,EMP-030,Building 5 Room 10
AST-00230,Equipment 230,SN-00000230,2026-06-07,2027-06-07,2026-06-07,2026-9-07,retired,EMP-031,Building 1 Room 11
AST-00231,Equipment 231,SN-00000231,2020-07-08,2028-07-08,2026-07-08,2026-10-08,standby,EMP-032,Building 2 Room 12
AST-00232,Equipment 232,SN-00000232,2021-08-09,2029-08-09,2026-08-09,2026-11-09,active,EMP-033,Building 3 Room 13
AST-00233,Equipment 233,SN-00000233,2022-09-10,20210-09-10,2026-09-10,2026-12-10,maintenance,EMP-034,Building 4 Room 14
AST-00234,Equipment 234,SN-00000234,2023-01-11,20211-01-11,2026-01-11,2026-7-11,retired,EMP-035,Building 5 Room 15
AST-00235,Equipment 235,SN-00000235,2024-02-12,2027-02-12,2026-02-12,2026-8-12,standby,EMP-036,Building 1 Room 16
AST-00236,Equipment 236,SN-00000236,2025-03-13,2028-03-13,2026-03-13,2026-9-13,active,EMP-037,Building 2 Room 17
AST-00237,Equipment 237,SN-00000237,2026-04-14,2029-04-14,2026-04-14,2026-10-14,maintenance,EMP-038,Building 3 Room 18
AST-00238,Equipment 238,SN-00000238,2020-05-15,20210-05-15,2026-05-15,2026-11-15,retired,EMP-039,Building 4 Room 19
AST-00239,Equipment 239,SN-00000239,2021-06-16,20211-06-16,2026-06-16,2026-12-16,standby,EMP-040,Building 5 Room 20
AST-00240,Equipment 240,SN-00000240,2022-07-17,2027-07-17,2026-07-17,2026-7-17,active,EMP-041,Building 1 Room 1
AST-00241,Equipment 241,SN-00000241,2023-08-18,2028-08-18,2026-08-18,2026-8-18,maintenance,EMP-042,Building 2 Room 2
AST-00242,Equipment 242,SN-00000242,2024-09-19,2029-09-19,2026-09-19,2026-9-19,retired,EMP-043,Building 3 Room 3
AST-00243,Equipment 243,SN-00000243,2025-01-20,20210-01-20,2026-01-20,2026-10-20,standby,EMP-044,Building 4 Room 4
AST-00244,Equipment 244,SN-00000244,2026-02-21,20211-02-21,2026-02-21,2026-11-21,active,EMP-045,Building 5 Room 5
AST-00245,Equipment 245,SN-00000245,2020-03-22,2027-03-22,2026-03-22,2026-12-22,maintenance,EMP-046,Building 1 Room 6
AST-00246,Equipment 246,SN-00000246,2021-04-23,2028-04-23,2026-04-23,2026-7-23,retired,EMP-047,Building 2 Room 7
AST-00247,Equipment 247,SN-00000247,2022-05-24,2029-05-24,2026-05-24,2026-8-24,standby,EMP-048,Building 3 Room 8
AST-00248,Equipment 248,SN-00000248,2023-06-25,20210-06-25,2026-06-25,2026-9-25,active,EMP-049,Building 4 Room 9
AST-00249,Equipment 249,SN-00000249,2024-07-26,20211-07-26,2026-07-26,2026-10-26,maintenance,EMP-050,Building 5 Room 10
AST-00250,Equipment 250,SN-00000250,2025-08-27,2027-08-27,2026-08-27,2026-11-27,retired,EMP-001,Building 1 Room 11
AST-00251,Equipment 251,SN-00000251,2026-09-28,2028-09-28,2026-09-28,2026-12-28,standby,EMP-002,Building 2 Room 12
AST-00252,Equipment 252,SN-00000252,2020-01-01,2029-01-01,2026-01-01,2026-7-01,active,EMP-003,Building 3 Room 13
AST-00253,Equipment 253,SN-00000253,2021-02-02,20210-02-02,2026-02-02,2026-8-02,maintenance,EMP-004,Building 4 Room 14
AST-00254,Equipment 254,SN-00000254,2022-03-03,20211-03-03,2026-03-03,2026-9-03,retired,EMP-005,Building 5 Room 15
AST-00255,Equipment 255,SN-00000255,2023-04-04,2027-04-04,2026-04-04,2026-10-04,standby,EMP-006,Building 1 Room 16
AST-00256,Equipment 256,SN-00000256,2024-05-05,2028-05-05,2026-05-05,2026-11-05,active,EMP-007,Building 2 Room 17
AST-00257,Equipment 257,SN-00000257,2025-06-06,2029-06-06,2026-06-06,2026-12-06,maintenance,EMP-008,Building 3 Room 18
AST-00258,Equipment 258,SN-00000258,2026-07-07,20210-07-07,2026-07-07,2026-7-07,retired,EMP-009,Building 4 Room 19
AST-00259,Equipment 259,SN-00000259,2020-08-08,20211-08-08,2026-08-08,2026-8-08,standby,EMP-010,Building 5 Room 20
AST-00260,Equipment 260,SN-00000260,2021-09-09,2027-09-09,2026-09-09,2026-9-09,active,EMP-011,Building 1 Room 1
AST-00261,Equipment 261,SN-00000261,2022-01-10,2028-01-10,2026-01-10,2026-10-10,maintenance,EMP-012,Building 2 Room 2
AST-00262,Equipment 262,SN-00000262,2023-02-11,2029-02-11,2026-02-11,2026-11-11,retired,EMP-013,Building 3 Room 3
AST-00263,Equipment 263,SN-00000263,2024-03-12,20210-03-12,2026-03-12,2026-12-12,standby,EMP-014,Building 4 Room 4
AST-00264,Equipment 264,SN-00000264,2025-04-13,20211-04-13,2026-04-13,2026-7-13,active,EMP-015,Building 5 Room 5
AST-00265,Equipment 265,SN-00000265,2026-05-14,2027-05-14,2026-05-14,2026-8-14,maintenance,EMP-016,Building 1 Room 6
AST-00266,Equipment 266,SN-00000266,2020-06-15,2028-06-15,2026-06-15,2026-9-15,retired,EMP-017,Building 2 Room 7
AST-00267,Equipment 267,SN-00000267,2021-07-16,2029-07-16,2026-07-16,2026-10-16,standby,EMP-018,Building 3 Room 8
AST-00268,Equipment 268,SN-00000268,2022-08-17,20210-08-17,2026-08-17,2026-11-17,active,EMP-019,Building 4 Room 9
AST-00269,Equipment 269,SN-00000269,2023-09-18,20211-09-18,2026-09-18,2026-12-18,maintenance,EMP-020,Building 5 Room 10
AST-00270,Equipment 270,SN-00000270,2024-01-19,2027-01-19,2026-01-19,2026-7-19,retired,EMP-021,Building 1 Room 11
AST-00271,Equipment 271,SN-00000271,2025-02-20,2028-02-20,2026-02-20,2026-8-20,standby,EMP-022,Building 2 Room 12
AST-00272,Equipment 272,SN-00000272,2026-03-21,2029-03-21,2026-03-21,2026-9-21,active,EMP-023,Building 3 Room 13
AST-00273,Equipment 273,SN-00000273,2020-04-22,20210-04-22,2026-04-22,2026-10-22,maintenance,EMP-024,Building 4 Room 14
AST-00274,Equipment 274,SN-00000274,2021-05-23,20211-05-23,2026-05-23,2026-11-23,retired,EMP-025,Building 5 Room 15
AST-00275,Equipment 275,SN-00000275,2022-06-24,2027-06-24,2026-06-24,2026-12-24,standby,EMP-026,Building 1 Room 16
AST-00276,Equipment 276,SN-00000276,2023-07-25,2028-07-25,2026-07-25,2026-7-25,active,EMP-027,Building 2 Room 17
AST-00277,Equipment 277,SN-00000277,2024-08-26,2029-08-26,2026-08-26,2026-8-26,maintenance,EMP-028,Building 3 Room 18
AST-00278,Equipment 278,SN-00000278,2025-09-27,20210-09-27,2026-09-27,2026-9-27,retired,EMP-029,Building 4 Room 19
AST-00279,Equipment 279,SN-00000279,2026-01-28,20211-01-28,2026-01-28,2026-10-28,standby,EMP-030,Building 5 Room 20
AST-00280,Equipment 280,SN-00000280,2020-02-01,2027-02-01,2026-02-01,2026-11-01,active,EMP-031,Building 1 Room 1
AST-00281,Equipment 281,SN-00000281,2021-03-02,2028-03-02,2026-03-02,2026-12-02,maintenance,EMP-032,Building 2 Room 2
AST-00282,Equipment 282,SN-00000282,2022-04-03,2029-04-03,2026-04-03,2026-7-03,retired,EMP-033,Building 3 Room 3
AST-00283,Equipment 283,SN-00000283,2023-05-04,20210-05-04,2026-05-04,2026-8-04,standby,EMP-034,Building 4 Room 4
AST-00284,Equipment 284,SN-00000284,2024-06-05,20211-06-05,2026-06-05,2026-9-05,active,EMP-035,Building 5 Room 5
AST-00285,Equipment 285,SN-00000285,2025-07-06,2027-07-06,2026-07-06,2026-10-06,maintenance,EMP-036,Building 1 Room 6
AST-00286,Equipment 286,SN-00000286,2026-08-07,2028-08-07,2026-08-07,2026-11-07,retired,EMP-037,Building 2 Room 7
AST-00287,Equipment 287,SN-00000287,2020-09-08,2029-09-08,2026-09-08,2026-12-08,standby,EMP-038,Building 3 Room 8
AST-00288,Equipment 288,SN-00000288,2021-01-09,20210-01-09,2026-01-09,2026-7-09,active,EMP-039,Building 4 Room 9
AST-00289,Equipment 289,SN-00000289,2022-02-10,20211-02-10,2026-02-10,2026-8-10,maintenance,EMP-040,Building 5 Room 10
AST-00290,Equipment 290,SN-00000290,2023-03-11,2027-03-11,2026-03-11,2026-9-11,retired,EMP-041,Building 1 Room 11
AST-00291,Equipment 291,SN-00000291,2024-04-12,2028-04-12,2026-04-12,2026-10-12,standby,EMP-042,Building 2 Room 12
AST-00292,Equipment 292,SN-00000292,2025-05-13,2029-05-13,2026-05-13,2026-11-13,active,EMP-043,Building 3 Room 13
AST-00293,Equipment 293,SN-00000293,2026-06-14,20210-06-14,2026-06-14,2026-12-14,maintenance,EMP-044,Building 4 Room 14
AST-00294,Equipment 294,SN-00000294,2020-07-15,20211-07-15,2026-07-15,2026-7-15,retired,EMP-045,Building 5 Room 15
AST-00295,Equipment 295,SN-00000295,2021-08-16,2027-08-16,2026-08-16,2026-8-16,standby,EMP-046,Building 1 Room 16
AST-00296,Equipment 296,SN-00000296,2022-09-17,2028-09-17,2026-09-17,2026-9-17,active,EMP-047,Building 2 Room 17
AST-00297,Equipment 297,SN-00000297,2023-01-18,2029-01-18,2026-01-18,2026-10-18,maintenance,EMP-048,Building 3 Room 18
AST-00298,Equipment 298,SN-00000298,2024-02-19,20210-02-19,2026-02-19,2026-11-19,retired,EMP-049,Building 4 Room 19
AST-00299,Equipment 299,SN-00000299,2025-03-20,20211-03-20,2026-03-20,2026-12-20,standby,EMP-050,Building 5 Room 20
AST-00300,Equipment 300,SN-00000300,2026-04-21,2027-04-21,2026-04-21,2026-7-21,active,EMP-001,Building 1 Room 1
AST-00301,Equipment 301,SN-00000301,2020-05-22,2028-05-22,2026-05-22,2026-8-22,maintenance,EMP-002,Building 2 Room 2
AST-00302,Equipment 302,SN-00000302,2021-06-23,2029-06-23,2026-06-23,2026-9-23,retired,EMP-003,Building 3 Room 3
AST-00303,Equipment 303,SN-00000303,2022-07-24,20210-07-24,2026-07-24,2026-10-24,standby,EMP-004,Building 4 Room 4
AST-00304,Equipment 304,SN-00000304,2023-08-25,20211-08-25,2026-08-25,2026-11-25,active,EMP-005,Building 5 Room 5
AST-00305,Equipment 305,SN-00000305,2024-09-26,2027-09-26,2026-09-26,2026-12-26,maintenance,EMP-006,Building 1 Room 6
AST-00306,Equipment 306,SN-00000306,2025-01-27,2028-01-27,2026-01-27,2026-7-27,retired,EMP-007,Building 2 Room 7
AST-00307,Equipment 307,SN-00000307,2026-02-28,2029-02-28,2026-02-28,2026-8-28,standby,EMP-008,Building 3 Room 8
AST-00308,Equipment 308,SN-00000308,2020-03-01,20210-03-01,2026-03-01,2026-9-01,active,EMP-009,Building 4 Room 9
AST-00309,Equipment 309,SN-00000309,2021-04-02,20211-04-02,2026-04-02,2026-10-02,maintenance,EMP-010,Building 5 Room 10
AST-00310,Equipment 310,SN-00000310,2022-05-03,2027-05-03,2026-05-03,2026-11-03,retired,EMP-011,Building 1 Room 11
AST-00311,Equipment 311,SN-00000311,2023-06-04,2028-06-04,2026-06-04,2026-12-04,standby,EMP-012,Building 2 Room 12
AST-00312,Equipment 312,SN-00000312,2024-07-05,2029-07-05,2026-07-05,2026-7-05,active,EMP-013,Building 3 Room 13
AST-00313,Equipment 313,SN-00000313,2025-08-06,20210-08-06,2026-08-06,2026-8-06,maintenance,EMP-014,Building 4 Room 14
AST-00314,Equipment 314,SN-00000314,2026-09-07,20211-09-07,2026-09-07,2026-9-07,retired,EMP-015,Building 5 Room 15
AST-00315,Equipment 315,SN-00000315,2020-01-08,2027-01-08,2026-01-08,2026-10-08,standby,EMP-016,Building 1 Room 16
AST-00316,Equipment 316,SN-00000316,2021-02-09,2028-02-09,2026-02-09,2026-11-09,active,EMP-017,Building 2 Room 17
AST-00317,Equipment 317,SN-00000317,2022-03-10,2029-03-10,2026-03-10,2026-12-10,maintenance,EMP-018,Building 3 Room 18
AST-00318,Equipment 318,SN-00000318,2023-04-11,20210-04-11,2026-04-11,2026-7-11,retired,EMP-019,Building 4 Room 19
AST-00319,Equipment 319,SN-00000319,2024-05-12,20211-05-12,2026-05-12,2026-8-12,standby,EMP-020,Building 5 Room 20
AST-00320,Equipment 320,SN-00000320,2025-06-13,2027-06-13,2026-06-13,2026-9-13,active,EMP-021,Building 1 Room 1
AST-00321,Equipment 321,SN-00000321,2026-07-14,2028-07-14,2026-07-14,2026-10-14,maintenance,EMP-022,Building 2 Room 2
AST-00322,Equipment 322,SN-00000322,2020-08-15,2029-08-15,2026-08-15,2026-11-15,retired,EMP-023,Building 3 Room 3
AST-00323,Equipment 323,SN-00000323,2021-09-16,20210-09-16,2026-09-16,2026-12-16,standby,EMP-024,Building 4 Room 4
AST-00324,Equipment 324,SN-00000324,2022-01-17,20211-01-17,2026-01-17,2026-7-17,active,EMP-025,Building 5 Room 5
AST-00325,Equipment 325,SN-00000325,2023-02-18,2027-02-18,2026-02-18,2026-8-18,maintenance,EMP-026,Building 1 Room 6
AST-00326,Equipment 326,SN-00000326,2024-03-19,2028-03-19,2026-03-19,2026-9-19,retired,EMP-027,Building 2 Room 7
AST-00327,Equipment 327,SN-00000327,2025-04-20,2029-04-20,2026-04-20,2026-10-20,standby,EMP-028,Building 3 Room 8
AST-00328,Equipment 328,SN-00000328,2026-05-21,20210-05-21,2026-05-21,2026-11-21,active,EMP-029,Building 4 Room 9
AST-00329,Equipment 329,SN-00000329,2020-06-22,20211-06-22,2026-06-22,2026-12-22,maintenance,EMP-030,Building 5 Room 10
AST-00330,Equipment 330,SN-00000330,2021-07-23,2027-07-23,2026-07-23,2026-7-23,retired,EMP-031,Building 1 Room 11
AST-00331,Equipment 331,SN-00000331,2022-08-24,2028-08-24,2026-08-24,2026-8-24,standby,EMP-032,Building 2 Room 12
AST-00332,Equipment 332,SN-00000332,2023-09-25,2029-09-25,2026-09-25,2026-9-25,active,EMP-033,Building 3 Room 13
AST-00333,Equipment 333,SN-00000333,2024-01-26,20210-01-26,2026-01-26,2026-10-26,maintenance,EMP-034,Building 4 Room 14
AST-00334,Equipment 334,SN-00000334,2025-02-27,20211-02-27,2026-02-27,2026-11-27,retired,EMP-035,Building 5 Room 15
AST-00335,Equipment 335,SN-00000335,2026-03-28,2027-03-28,2026-03-28,2026-12-28,standby,EMP-036,Building 1 Room 16
AST-00336,Equipment 336,SN-00000336,2020-04-01,2028-04-01,2026-04-01,2026-7-01,active,EMP-037,Building 2 Room 17
AST-00337,Equipment 337,SN-00000337,2021-05-02,2029-05-02,2026-05-02,2026-8-02,maintenance,EMP-038,Building 3 Room 18
AST-00338,Equipment 338,SN-00000338,2022-06-03,20210-06-03,2026-06-03,2026-9-03,retired,EMP-039,Building 4 Room 19
AST-00339,Equipment 339,SN-00000339,2023-07-04,20211-07-04,2026-07-04,2026-10-04,standby,EMP-040,Building 5 Room 20
AST-00340,Equipment 340,SN-00000340,2024-08-05,2027-08-05,2026-08-05,2026-11-05,active,EMP-041,Building 1 Room 1
AST-00341,Equipment 341,SN-00000341,2025-09-06,2028-09-06,2026-09-06,2026-12-06,maintenance,EMP-042,Building 2 Room 2
AST-00342,Equipment 342,SN-00000342,2026-01-07,2029-01-07,2026-01-07,2026-7-07,retired,EMP-043,Building 3 Room 3
AST-00343,Equipment 343,SN-00000343,2020-02-08,20210-02-08,2026-02-08,2026-8-08,standby,EMP-044,Building 4 Room 4
AST-00344,Equipment 344,SN-00000344,2021-03-09,20211-03-09,2026-03-09,2026-9-09,active,EMP-045,Building 5 Room 5
AST-00345,Equipment 345,SN-00000345,2022-04-10,2027-04-10,2026-04-10,2026-10-10,maintenance,EMP-046,Building 1 Room 6
AST-00346,Equipment 346,SN-00000346,2023-05-11,2028-05-11,2026-05-11,2026-11-11,retired,EMP-047,Building 2 Room 7
AST-00347,Equipment 347,SN-00000347,2024-06-12,2029-06-12,2026-06-12,2026-12-12,standby,EMP-048,Building 3 Room 8
AST-00348,Equipment 348,SN-00000348,2025-07-13,20210-07-13,2026-07-13,2026-7-13,active,EMP-049,Building 4 Room 9
AST-00349,Equipment 349,SN-00000349,2026-08-14,20211-08-14,2026-08-14,2026-8-14,maintenance,EMP-050,Building 5 Room 10
AST-00350,Equipment 350,SN-00000350,2020-09-15,2027-09-15,2026-09-15,2026-9-15,retired,EMP-001,Building 1 Room 11
AST-00351,Equipment 351,SN-00000351,2021-01-16,2028-01-16,2026-01-16,2026-10-16,standby,EMP-002,Building 2 Room 12
AST-00352,Equipment 352,SN-00000352,2022-02-17,2029-02-17,2026-02-17,2026-11-17,active,EMP-003,Building 3 Room 13
AST-00353,Equipment 353,SN-00000353,2023-03-18,20210-03-18,2026-03-18,2026-12-18,maintenance,EMP-004,Building 4 Room 14
AST-00354,Equipment 354,SN-00000354,2024-04-19,20211-04-19,2026-04-19,2026-7-19,retired,EMP-005,Building 5 Room 15
AST-00355,Equipment 355,SN-00000355,2025-05-20,2027-05-20,2026-05-20,2026-8-20,standby,EMP-006,Building 1 Room 16
AST-00356,Equipment 356,SN-00000356,2026-06-21,2028-06-21,2026-06-21,2026-9-21,active,EMP-007,Building 2 Room 17
AST-00357,Equipment 357,SN-00000357,2020-07-22,2029-07-22,2026-07-22,2026-10-22,maintenance,EMP-008,Building 3 Room 18
AST-00358,Equipment 358,SN-00000358,2021-08-23,20210-08-23,2026-08-23,2026-11-23,retired,EMP-009,Building 4 Room 19
AST-00359,Equipment 359,SN-00000359,2022-09-24,20211-09-24,2026-09-24,2026-12-24,standby,EMP-010,Building 5 Room 20
AST-00360,Equipment 360,SN-00000360,2023-01-25,2027-01-25,2026-01-25,2026-7-25,active,EMP-011,Building 1 Room 1
AST-00361,Equipment 361,SN-00000361,2024-02-26,2028-02-26,2026-02-26,2026-8-26,maintenance,EMP-012,Building 2 Room 2
AST-00362,Equipment 362,SN-00000362,2025-03-27,2029-03-27,2026-03-27,2026-9-27,retired,EMP-013,Building 3 Room 3
AST-00363,Equipment 363,SN-00000363,2026-04-28,20210-04-28,2026-04-28,2026-10-28,standby,EMP-014,Building 4 Room 4
AST-00364,Equipment 364,SN-00000364,2020-05-01,20211-05-01,2026-05-01,2026-11-01,active,EMP-015,Building 5 Room 5
AST-00365,Equipment 365,SN-00000365,2021-06-02,2027-06-02,2026-06-02,2026-12-02,maintenance,EMP-016,Building 1 Room 6
AST-00366,Equipment 366,SN-00000366,2022-07-03,2028-07-03,2026-07-03,2026-7-03,retired,EMP-017,Building 2 Room 7
AST-00367,Equipment 367,SN-00000367,2023-08-04,2029-08-04,2026-08-04,2026-8-04,standby,EMP-018,Building 3 Room 8
AST-00368,Equipment 368,SN-00000368,2024-09-05,20210-09-05,2026-09-05,2026-9-05,active,EMP-019,Building 4 Room 9
AST-00369,Equipment 369,SN-00000369,2025-01-06,20211-01-06,2026-01-06,2026-10-06,maintenance,EMP-020,Building 5 Room 10
AST-00370,Equipment 370,SN-00000370,2026-02-07,2027-02-07,2026-02-07,2026-11-07,retired,EMP-021,Building 1 Room 11
AST-00371,Equipment 371,SN-00000371,2020-03-08,2028-03-08,2026-03-08,2026-12-08,standby,EMP-022,Building 2 Room 12
AST-00372,Equipment 372,SN-00000372,2021-04-09,2029-04-09,2026-04-09,2026-7-09,active,EMP-023,Building 3 Room 13
AST-00373,Equipment 373,SN-00000373,2022-05-10,20210-05-10,2026-05-10,2026-8-10,maintenance,EMP-024,Building 4 Room 14
AST-00374,Equipment 374,SN-00000374,2023-06-11,20211-06-11,2026-06-11,2026-9-11,retired,EMP-025,Building 5 Room 15
AST-00375,Equipment 375,SN-00000375,2024-07-12,2027-07-12,2026-07-12,2026-10-12,standby,EMP-026,Building 1 Room 16
AST-00376,Equipment 376,SN-00000376,2025-08-13,2028-08-13,2026-08-13,2026-11-13,active,EMP-027,Building 2 Room 17
AST-00377,Equipment 377,SN-00000377,2026-09-14,2029-09-14,2026-09-14,2026-12-14,maintenance,EMP-028,Building 3 Room 18
AST-00378,Equipment 378,SN-00000378,2020-01-15,20210-01-15,2026-01-15,2026-7-15,retired,EMP-029,Building 4 Room 19
AST-00379,Equipment 379,SN-00000379,2021-02-16,20211-02-16,2026-02-16,2026-8-16,standby,EMP-030,Building 5 Room 20
AST-00380,Equipment 380,SN-00000380,2022-03-17,2027-03-17,2026-03-17,2026-9-17,active,EMP-031,Building 1 Room 1
AST-00381,Equipment 381,SN-00000381,2023-04-18,2028-04-18,2026-04-18,2026-10-18,maintenance,EMP-032,Building 2 Room 2
AST-00382,Equipment 382,SN-00000382,2024-05-19,2029-05-19,2026-05-19,2026-11-19,retired,EMP-033,Building 3 Room 3
AST-00383,Equipment 383,SN-00000383,2025-06-20,20210-06-20,2026-06-20,2026-12-20,standby,EMP-034,Building 4 Room 4
AST-00384,Equipment 384,SN-00000384,2026-07-21,20211-07-21,2026-07-21,2026-7-21,active,EMP-035,Building 5 Room 5
AST-00385,Equipment 385,SN-00000385,2020-08-22,2027-08-22,2026-08-22,2026-8-22,maintenance,EMP-036,Building 1 Room 6
AST-00386,Equipment 386,SN-00000386,2021-09-23,2028-09-23,2026-09-23,2026-9-23,retired,EMP-037,Building 2 Room 7
AST-00387,Equipment 387,SN-00000387,2022-01-24,2029-01-24,2026-01-24,2026-10-24,standby,EMP-038,Building 3 Room 8
AST-00388,Equipment 388,SN-00000388,2023-02-25,20210-02-25,2026-02-25,2026-11-25,active,EMP-039,Building 4 Room 9
AST-00389,Equipment 389,SN-00000389,2024-03-26,20211-03-26,2026-03-26,2026-12-26,maintenance,EMP-040,Building 5 Room 10
AST-00390,Equipment 390,SN-00000390,2025-04-27,2027-04-27,2026-04-27,2026-7-27,retired,EMP-041,Building 1 Room 11
AST-00391,Equipment 391,SN-00000391,2026-05-28,2028-05-28,2026-05-28,2026-8-28,standby,EMP-042,Building 2 Room 12
AST-00392,Equipment 392,SN-00000392,2020-06-01,2029-06-01,2026-06-01,2026-9-01,active,EMP-043,Building 3 Room 13
AST-00393,Equipment 393,SN-00000393,2021-07-02,20210-07-02,2026-07-02,2026-10-02,maintenance,EMP-044,Building 4 Room 14
AST-00394,Equipment 394,SN-00000394,2022-08-03,20211-08-03,2026-08-03,2026-11-03,retired,EMP-045,Building 5 Room 15
AST-00395,Equipment 395,SN-00000395,2023-09-04,2027-09-04,2026-09-04,2026-12-04,standby,EMP-046,Building 1 Room 16
AST-00396,Equipment 396,SN-00000396,2024-01-05,2028-01-05,2026-01-05,2026-7-05,active,EMP-047,Building 2 Room 17
AST-00397,Equipment 397,SN-00000397,2025-02-06,2029-02-06,2026-02-06,2026-8-06,maintenance,EMP-048,Building 3 Room 18
AST-00398,Equipment 398,SN-00000398,2026-03-07,20210-03-07,2026-03-07,2026-9-07,retired,EMP-049,Building 4 Room 19
AST-00399,Equipment 399,SN-00000399,2020-04-08,20211-04-08,2026-04-08,2026-10-08,standby,EMP-050,Building 5 Room 20
AST-00400,Equipment 400,SN-00000400,2021-05-09,2027-05-09,2026-05-09,2026-11-09,active,EMP-001,Building 1 Room 1
AST-00401,Equipment 401,SN-00000401,2022-06-10,2028-06-10,2026-06-10,2026-12-10,maintenance,EMP-002,Building 2 Room 2
AST-00402,Equipment 402,SN-00000402,2023-07-11,2029-07-11,2026-07-11,2026-7-11,retired,EMP-003,Building 3 Room 3
AST-00403,Equipment 403,SN-00000403,2024-08-12,20210-08-12,2026-08-12,2026-8-12,standby,EMP-004,Building 4 Room 4
AST-00404,Equipment 404,SN-00000404,2025-09-13,20211-09-13,2026-09-13,2026-9-13,active,EMP-005,Building 5 Room 5
AST-00405,Equipment 405,SN-00000405,2026-01-14,2027-01-14,2026-01-14,2026-10-14,maintenance,EMP-006,Building 1 Room 6
AST-00406,Equipment 406,SN-00000406,2020-02-15,2028-02-15,2026-02-15,2026-11-15,retired,EMP-007,Building 2 Room 7
AST-00407,Equipment 407,SN-00000407,2021-03-16,2029-03-16,2026-03-16,2026-12-16,standby,EMP-008,Building 3 Room 8
AST-00408,Equipment 408,SN-00000408,2022-04-17,20210-04-17,2026-04-17,2026-7-17,active,EMP-009,Building 4 Room 9
AST-00409,Equipment 409,SN-00000409,2023-05-18,20211-05-18,2026-05-18,2026-8-18,maintenance,EMP-010,Building 5 Room 10
AST-00410,Equipment 410,SN-00000410,2024-06-19,2027-06-19,2026-06-19,2026-9-19,retired,EMP-011,Building 1 Room 11
AST-00411,Equipment 411,SN-00000411,2025-07-20,2028-07-20,2026-07-20,2026-10-20,standby,EMP-012,Building 2 Room 12
AST-00412,Equipment 412,SN-00000412,2026-08-21,2029-08-21,2026-08-21,2026-11-21,active,EMP-013,Building 3 Room 13
AST-00413,Equipment 413,SN-00000413,2020-09-22,20210-09-22,2026-09-22,2026-12-22,maintenance,EMP-014,Building 4 Room 14
AST-00414,Equipment 414,SN-00000414,2021-01-23,20211-01-23,2026-01-23,2026-7-23,retired,EMP-015,Building 5 Room 15
AST-00415,Equipment 415,SN-00000415,2022-02-24,2027-02-24,2026-02-24,2026-8-24,standby,EMP-016,Building 1 Room 16
AST-00416,Equipment 416,SN-00000416,2023-03-25,2028-03-25,2026-03-25,2026-9-25,active,EMP-017,Building 2 Room 17
AST-00417,Equipment 417,SN-00000417,2024-04-26,2029-04-26,2026-04-26,2026-10-26,maintenance,EMP-018,Building 3 Room 18
AST-00418,Equipment 418,SN-00000418,2025-05-27,20210-05-27,2026-05-27,2026-11-27,retired,EMP-019,Building 4 Room 19
AST-00419,Equipment 419,SN-00000419,2026-06-28,20211-06-28,2026-06-28,2026-12-28,standby,EMP-020,Building 5 Room 20
AST-00420,Equipment 420,SN-00000420,2020-07-01,2027-07-01,2026-07-01,2026-7-01,active,EMP-021,Building 1 Room 1
AST-00421,Equipment 421,SN-00000421,2021-08-02,2028-08-02,2026-08-02,2026-8-02,maintenance,EMP-022,Building 2 Room 2
AST-00422,Equipment 422,SN-00000422,2022-09-03,2029-09-03,2026-09-03,2026-9-03,retired,EMP-023,Building 3 Room 3
AST-00423,Equipment 423,SN-00000423,2023-01-04,20210-01-04,2026-01-04,2026-10-04,standby,EMP-024,Building 4 Room 4
AST-00424,Equipment 424,SN-00000424,2024-02-05,20211-02-05,2026-02-05,2026-11-05,active,EMP-025,Building 5 Room 5
AST-00425,Equipment 425,SN-00000425,2025-03-06,2027-03-06,2026-03-06,2026-12-06,maintenance,EMP-026,Building 1 Room 6
AST-00426,Equipment 426,SN-00000426,2026-04-07,2028-04-07,2026-04-07,2026-7-07,retired,EMP-027,Building 2 Room 7
AST-00427,Equipment 427,SN-00000427,2020-05-08,2029-05-08,2026-05-08,2026-8-08,standby,EMP-028,Building 3 Room 8
AST-00428,Equipment 428,SN-00000428,2021-06-09,20210-06-09,2026-06-09,2026-9-09,active,EMP-029,Building 4 Room 9
AST-00429,Equipment 429,SN-00000429,2022-07-10,20211-07-10,2026-07-10,2026-10-10,maintenance,EMP-030,Building 5 Room 10
AST-00430,Equipment 430,SN-00000430,2023-08-11,2027-08-11,2026-08-11,2026-11-11,retired,EMP-031,Building 1 Room 11
AST-00431,Equipment 431,SN-00000431,2024-09-12,2028-09-12,2026-09-12,2026-12-12,standby,EMP-032,Building 2 Room 12
AST-00432,Equipment 432,SN-00000432,2025-01-13,2029-01-13,2026-01-13,2026-7-13,active,EMP-033,Building 3 Room 13
AST-00433,Equipment 433,SN-00000433,2026-02-14,20210-02-14,2026-02-14,2026-8-14,maintenance,EMP-034,Building 4 Room 14
AST-00434,Equipment 434,SN-00000434,2020-03-15,20211-03-15,2026-03-15,2026-9-15,retired,EMP-035,Building 5 Room 15
AST-00435,Equipment 435,SN-00000435,2021-04-16,2027-04-16,2026-04-16,2026-10-16,standby,EMP-036,Building 1 Room 16
AST-00436,Equipment 436,SN-00000436,2022-05-17,2028-05-17,2026-05-17,2026-11-17,active,EMP-037,Building 2 Room 17
AST-00437,Equipment 437,SN-00000437,2023-06-18,2029-06-18,2026-06-18,2026-12-18,maintenance,EMP-038,Building 3 Room 18
AST-00438,Equipment 438,SN-00000438,2024-07-19,20210-07-19,2026-07-19,2026-7-19,retired,EMP-039,Building 4 Room 19
AST-00439,Equipment 439,SN-00000439,2025-08-20,20211-08-20,2026-08-20,2026-8-20,standby,EMP-040,Building 5 Room 20
AST-00440,Equipment 440,SN-00000440,2026-09-21,2027-09-21,2026-09-21,2026-9-21,active,EMP-041,Building 1 Room 1
AST-00441,Equipment 441,SN-00000441,2020-01-22,2028-01-22,2026-01-22,2026-10-22,maintenance,EMP-042,Building 2 Room 2
AST-00442,Equipment 442,SN-00000442,2021-02-23,2029-02-23,2026-02-23,2026-11-23,retired,EMP-043,Building 3 Room 3
AST-00443,Equipment 443,SN-00000443,2022-03-24,20210-03-24,2026-03-24,2026-12-24,standby,EMP-044,Building 4 Room 4
AST-00444,Equipment 444,SN-00000444,2023-04-25,20211-04-25,2026-04-25,2026-7-25,active,EMP-045,Building 5 Room 5
AST-00445,Equipment 445,SN-00000445,2024-05-26,2027-05-26,2026-05-26,2026-8-26,maintenance,EMP-046,Building 1 Room 6
AST-00446,Equipment 446,SN-00000446,2025-06-27,2028-06-27,2026-06-27,2026-9-27,retired,EMP-047,Building 2 Room 7
AST-00447,Equipment 447,SN-00000447,2026-07-28,2029-07-28,2026-07-28,2026-10-28,standby,EMP-048,Building 3 Room 8
AST-00448,Equipment 448,SN-00000448,2020-08-01,20210-08-01,2026-08-01,2026-11-01,active,EMP-049,Building 4 Room 9
AST-00449,Equipment 449,SN-00000449,2021-09-02,20211-09-02,2026-09-02,2026-12-02,maintenance,EMP-050,Building 5 Room 10
AST-00450,Equipment 450,SN-00000450,2022-01-03,2027-01-03,2026-01-03,2026-7-03,retired,EMP-001,Building 1 Room 11
AST-00451,Equipment 451,SN-00000451,2023-02-04,2028-02-04,2026-02-04,2026-8-04,standby,EMP-002,Building 2 Room 12
AST-00452,Equipment 452,SN-00000452,2024-03-05,2029-03-05,2026-03-05,2026-9-05,active,EMP-003,Building 3 Room 13
AST-00453,Equipment 453,SN-00000453,2025-04-06,20210-04-06,2026-04-06,2026-10-06,maintenance,EMP-004,Building 4 Room 14
AST-00454,Equipment 454,SN-00000454,2026-05-07,20211-05-07,2026-05-07,2026-11-07,retired,EMP-005,Building 5 Room 15
AST-00455,Equipment 455,SN-00000455,2020-06-08,2027-06-08,2026-06-08,2026-12-08,standby,EMP-006,Building 1 Room 16
AST-00456,Equipment 456,SN-00000456,2021-07-09,2028-07-09,2026-07-09,2026-7-09,active,EMP-007,Building 2 Room 17
AST-00457,Equipment 457,SN-00000457,2022-08-10,2029-08-10,2026-08-10,2026-8-10,maintenance,EMP-008,Building 3 Room 18
AST-00458,Equipment 458,SN-00000458,2023-09-11,20210-09-11,2026-09-11,2026-9-11,retired,EMP-009,Building 4 Room 19
AST-00459,Equipment 459,SN-00000459,2024-01-12,20211-01-12,2026-01-12,2026-10-12,standby,EMP-010,Building 5 Room 20
AST-00460,Equipment 460,SN-00000460,2025-02-13,2027-02-13,2026-02-13,2026-11-13,active,EMP-011,Building 1 Room 1
AST-00461,Equipment 461,SN-00000461,2026-03-14,2028-03-14,2026-03-14,2026-12-14,maintenance,EMP-012,Building 2 Room 2
AST-00462,Equipment 462,SN-00000462,2020-04-15,2029-04-15,2026-04-15,2026-7-15,retired,EMP-013,Building 3 Room 3
AST-00463,Equipment 463,SN-00000463,2021-05-16,20210-05-16,2026-05-16,2026-8-16,standby,EMP-014,Building 4 Room 4
AST-00464,Equipment 464,SN-00000464,2022-06-17,20211-06-17,2026-06-17,2026-9-17,active,EMP-015,Building 5 Room 5
AST-00465,Equipment 465,SN-00000465,2023-07-18,2027-07-18,2026-07-18,2026-10-18,maintenance,EMP-016,Building 1 Room 6
AST-00466,Equipment 466,SN-00000466,2024-08-19,2028-08-19,2026-08-19,2026-11-19,retired,EMP-017,Building 2 Room 7
AST-00467,Equipment 467,SN-00000467,2025-09-20,2029-09-20,2026-09-20,2026-12-20,standby,EMP-018,Building 3 Room 8
AST-00468,Equipment 468,SN-00000468,2026-01-21,20210-01-21,2026-01-21,2026-7-21,active,EMP-019,Building 4 Room 9
AST-00469,Equipment 469,SN-00000469,2020-02-22,20211-02-22,2026-02-22,2026-8-22,maintenance,EMP-020,Building 5 Room 10
AST-00470,Equipment 470,SN-00000470,2021-03-23,2027-03-23,2026-03-23,2026-9-23,retired,EMP-021,Building 1 Room 11
AST-00471,Equipment 471,SN-00000471,2022-04-24,2028-04-24,2026-04-24,2026-10-24,standby,EMP-022,Building 2 Room 12
AST-00472,Equipment 472,SN-00000472,2023-05-25,2029-05-25,2026-05-25,2026-11-25,active,EMP-023,Building 3 Room 13
AST-00473,Equipment 473,SN-00000473,2024-06-26,20210-06-26,2026-06-26,2026-12-26,maintenance,EMP-024,Building 4 Room 14
AST-00474,Equipment 474,SN-00000474,2025-07-27,20211-07-27,2026-07-27,2026-7-27,retired,EMP-025,Building 5 Room 15
AST-00475,Equipment 475,SN-00000475,2026-08-28,2027-08-28,2026-08-28,2026-8-28,standby,EMP-026,Building 1 Room 16
AST-00476,Equipment 476,SN-00000476,2020-09-01,2028-09-01,2026-09-01,2026-9-01,active,EMP-027,Building 2 Room 17
AST-00477,Equipment 477,SN-00000477,2021-01-02,2029-01-02,2026-01-02,2026-10-02,maintenance,EMP-028,Building 3 Room 18
AST-00478,Equipment 478,SN-00000478,2022-02-03,20210-02-03,2026-02-03,2026-11-03,retired,EMP-029,Building 4 Room 19
AST-00479,Equipment 479,SN-00000479,2023-03-04,20211-03-04,2026-03-04,2026-12-04,standby,EMP-030,Building 5 Room 20
AST-00480,Equipment 480,SN-00000480,2024-04-05,2027-04-05,2026-04-05,2026-7-05,active,EMP-031,Building 1 Room 1
AST-00481,Equipment 481,SN-00000481,2025-05-06,2028-05-06,2026-05-06,2026-8-06,maintenance,EMP-032,Building 2 Room 2
AST-00482,Equipment 482,SN-00000482,2026-06-07,2029-06-07,2026-06-07,2026-9-07,retired,EMP-033,Building 3 Room 3
AST-00483,Equipment 483,SN-00000483,2020-07-08,20210-07-08,2026-07-08,2026-10-08,standby,EMP-034,Building 4 Room 4
AST-00484,Equipment 484,SN-00000484,2021-08-09,20211-08-09,2026-08-09,2026-11-09,active,EMP-035,Building 5 Room 5
AST-00485,Equipment 485,SN-00000485,2022-09-10,2027-09-10,2026-09-10,2026-12-10,maintenance,EMP-036,Building 1 Room 6
AST-00486,Equipment 486,SN-00000486,2023-01-11,2028-01-11,2026-01-11,2026-7-11,retired,EMP-037,Building 2 Room 7
AST-00487,Equipment 487,SN-00000487,2024-02-12,2029-02-12,2026-02-12,2026-8-12,standby,EMP-038,Building 3 Room 8
AST-00488,Equipment 488,SN-00000488,2025-03-13,20210-03-13,2026-03-13,2026-9-13,active,EMP-039,Building 4 Room 9
AST-00489,Equipment 489,SN-00000489,2026-04-14,20211-04-14,2026-04-14,2026-10-14,maintenance,EMP-040,Building 5 Room 10
AST-00490,Equipment 490,SN-00000490,2020-05-15,2027-05-15,2026-05-15,2026-11-15,retired,EMP-041,Building 1 Room 11
AST-00491,Equipment 491,SN-00000491,2021-06-16,2028-06-16,2026-06-16,2026-12-16,standby,EMP-042,Building 2 Room 12
AST-00492,Equipment 492,SN-00000492,2022-07-17,2029-07-17,2026-07-17,2026-7-17,active,EMP-043,Building 3 Room 13
AST-00493,Equipment 493,SN-00000493,2023-08-18,20210-08-18,2026-08-18,2026-8-18,maintenance,EMP-044,Building 4 Room 14
AST-00494,Equipment 494,SN-00000494,2024-09-19,20211-09-19,2026-09-19,2026-9-19,retired,EMP-045,Building 5 Room 15
AST-00495,Equipment 495,SN-00000495,2025-01-20,2027-01-20,2026-01-20,2026-10-20,standby,EMP-046,Building 1 Room 16
AST-00496,Equipment 496,SN-00000496,2026-02-21,2028-02-21,2026-02-21,2026-11-21,active,EMP-047,Building 2 Room 17
AST-00497,Equipment 497,SN-00000497,2020-03-22,2029-03-22,2026-03-22,2026-12-22,maintenance,EMP-048,Building 3 Room 18
AST-00498,Equipment 498,SN-00000498,2021-04-23,20210-04-23,2026-04-23,2026-7-23,retired,EMP-049,Building 4 Room 19
AST-00499,Equipment 499,SN-00000499,2022-05-24,20211-05-24,2026-05-24,2026-8-24,standby,EMP-050,Building 5 Room 20
AST-00500,Equipment 500,SN-00000500,2023-06-25,2027-06-25,2026-06-25,2026-9-25,active,EMP-001,Building 1 Room 1
