vendor_id,name,category,contact_name,contact_email,contact_phone,payment_terms,status,annual_spend
VEN-0001,Vendor Name 1,equipment,Contact 1,vendor1@supplier.com,555-1001,Net 30,active,5100
VEN-0002,Vendor Name 2,software,Contact 2,vendor2@supplier.com,555-1002,Net 45,active,5200
VEN-0003,Vendor Name 3,services,Contact 3,vendor3@supplier.com,555-1003,Net 60,active,5300
VEN-0004,Vendor Name 4,parts,Contact 4,vendor4@supplier.com,555-1004,Net 75,active,5400
VEN-0005,Vendor Name 5,supplies,Contact 5,vendor5@supplier.com,555-1005,Net 90,active,5500
VEN-0006,Vendor Name 6,equipment,Contact 6,vendor6@supplier.com,555-1006,Net 15,active,5600
VEN-0007,Vendor Name 7,software,Contact 7,vendor7@supplier.com,555-1007,Net 30,active,5700
VEN-0008,Vendor Name 8,services,Contact 8,vendor8@supplier.com,555-1008,Net 45,active,5800
VEN-0009,Vendor Name 9,parts,Contact 9,vendor9@supplier.com,555-1009,Net 60,active,5900
VEN-0010,Vendor Name 10,supplies,Contact 10,vendor10@supplier.com,555-1010,Net 75,inactive,6000
VEN-0011,Vendor Name 11,equipment,Contact 11,vendor11@supplier.com,555-1011,Net 90,active,6100
VEN-0012,Vendor Name 12,software,Contact 12,vendor12@supplier.com,555-1012,Net 15,active,6200
VEN-0013,Vendor Name 13,services,Contact 13,vendor13@supplier.com,555-1013,Net 30,active,6300
VEN-0014,Vendor Name 14,parts,Contact 14,vendor14@supplier.com,555-1014,Net 45,active,6400
VEN-0015,Vendor Name 15,supplies,Contact 15,vendor15@supplier.com,555-1015,Net 60,pending_review,6500
VEN-0016,Vendor Name 16,equipment,Contact 16,vendor16@supplier.com,555-1016,Net 75,active,6600
VEN-0017,Vendor Name 17,software,Contact 17,vendor17@supplier.com,555-1017,Net 90,active,6700
VEN-0018,Vendor Name 18,services,Contact 18,vendor18@supplier.com,555-1018,Net 15,active,6800
VEN-0019,Vendor Name 19,parts,Contact 19,vendor19@supplier.com,555-1019,Net 30,active,6900
VEN-0020,Vendor Name 20,supplies,Contact 20,vendor20@supplier.com,555-1020,Net 45,inactive,7000
VEN-0021,Vendor Name 21,equipment,Contact 21,vendor21@supplier.com,555-1021,Net 60,active,7100
VEN-0022,Vendor Name 22,software,Contact 22,vendor22@supplier.com,555-1022,Net 75,active,7200
VEN-0023,Vendor Name 23,services,Contact 23,vendor23@supplier.com,555-1023,Net 90,active,7300
VEN-0024,Vendor Name 24,parts,Contact 24,vendor24@supplier.com,555-1024,Net 15,active,7400
VEN-0025,Vendor Name 25,supplies,Contact 25,vendor25@supplier.com,555-1025,Net 30,active,7500
VEN-0026,Vendor Name 26,equipment,Contact 26,vendor26@supplier.com,555-1026,Net 45,active,7600
VEN-0027,Vendor Name 27,software,Contact 27,vendor27@supplier.com,555-1027,Net 60,active,7700
VEN-0028,Vendor Name 28,services,Contact 28,vendor28@supplier.com,555-1028,Net 75,active,7800
VEN-0029,Vendor Name 29,parts,Contact 29,vendor29@supplier.com,555-1029,Net 90,active,7900
VEN-0030,Vendor Name 30,supplies,Contact 30,vendor30@supplier.com,555-1030,Net 15,inactive,8000
VEN-0031,Vendor Name 31,equipment,Contact 31,vendor31@supplier.com,555-1031,Net 30,active,8100
VEN-0032,Vendor Name 32,software,Contact 32,vendor32@supplier.com,555-1032,Net 45,active,8200
VEN-0033,Vendor Name 33,services,Contact 33,vendor33@supplier.com,555-1033,Net 60,active,8300
VEN-0034,Vendor Name 34,parts,Contact 34,vendor34@supplier.com,555-1034,Net 75,active,8400
VEN-0035,Vendor Name 35,supplies,Contact 35,vendor35@supplier.com,555-1035,Net 90,active,8500
VEN-0036,Vendor Name 36,equipment,Contact 36,vendor36@supplier.com,555-1036,Net 15,active,8600
VEN-0037,Vendor Name 37,software,Contact 37,vendor37@supplier.com,555-1037,Net 30,active,8700
VEN-0038,Vendor Name 38,services,Contact 38,vendor38@supplier.com,555-1038,Net 45,active,8800
VEN-0039,Vendor Name 39,parts,Contact 39,vendor39@supplier.com,555-1039,Net 60,active,8900
VEN-0040,Vendor Name 40,supplies,Contact 40,vendor40@supplier.com,555-1040,Net 75,inactive,9000
VEN-0041,Vendor Name 41,equipment,Contact 41,vendor41@supplier.com,555-1041,Net 90,active,9100
VEN-0042,Vendor Name 42,software,Contact 42,vendor42@supplier.com,555-1042,Net 15,active,9200
VEN-0043,Vendor Name 43,services,Contact 43,vendor43@supplier.com,555-1043,Net 30,active,9300
VEN-0044,Vendor Name 44,parts,Contact 44,vendor44@supplier.com,555-1044,Net 45,active,9400
VEN-0045,Vendor Name 45,supplies,Contact 45,vendor45@supplier.com,555-1045,Net 60,pending_review,9500
VEN-0046,Vendor Name 46,equipment,Contact 46,vendor46@supplier.com,555-1046,Net 75,active,9600
VEN-0047,Vendor Name 47,software,Contact 47,vendor47@supplier.com,555-1047,Net 90,active,9700
VEN-0048,Vendor Name 48,services,Contact 48,vendor48@supplier.com,555-1048,Net 15,active,9800
VEN-0049,Vendor Name 49,parts,Contact 49,vendor49@supplier.com,555-1049,Net 30,active,9900
VEN-0050,Vendor Name 50,supplies,Contact 50,vendor50@supplier.com,555-1050,Net 45,inactive,10000
VEN-0051,Vendor Name 51,equipment,Contact 51,vendor51@supplier.com,555-1051,Net 60,active,10100
VEN-0052,Vendor Name 52,software,Contact 52,vendor52@supplier.com,555-1052,Net 75,active,10200
VEN-0053,Vendor Name 53,services,Contact 53,vendor53@supplier.com,555-1053,Net 90,active,10300
VEN-0054,Vendor Name 54,parts,Contact 54,vendor54@supplier.com,555-1054,Net 15,active,10400
VEN-0055,Vendor Name 55,supplies,Contact 55,vendor55@supplier.com,555-1055,Net 30,active,10500
VEN-0056,Vendor Name 56,equipment,Contact 56,vendor56@supplier.com,555-1056,Net 45,active,10600
VEN-0057,Vendor Name 57,software,Contact 57,vendor57@supplier.com,555-1057,Net 60,active,10700
VEN-0058,Vendor Name 58,services,Contact 58,vendor58@supplier.com,555-1058,Net 75,active,10800
VEN-0059,Vendor Name 59,parts,Contact 59,vendor59@supplier.com,555-1059,Net 90,active,10900
VEN-0060,Vendor Name 60,supplies,Contact 60,vendor60@supplier.com,555-1060,Net 15,inactive,11000
VEN-0061,Vendor Name 61,equipment,Contact 61,vendor61@supplier.com,555-1061,Net 30,active,11100
VEN-0062,Vendor Name 62,software,Contact 62,vendor62@supplier.com,555-1062,Net 45,active,11200
VEN-0063,Vendor Name 63,services,Contact 63,vendor63@supplier.com,555-1063,Net 60,active,11300
VEN-0064,Vendor Name 64,parts,Contact 64,vendor64@supplier.com,555-1064,Net 75,active,11400
VEN-0065,Vendor Name 65,supplies,Contact 65,vendor65@supplier.com,555-1065,Net 90,active,11500
VEN-0066,Vendor Name 66,equipment,Contact 66,vendor66@supplier.com,555-1066,Net 15,active,11600
VEN-0067,Vendor Name 67,software,Contact 67,vendor67@supplier.com,555-1067,Net 30,active,11700
VEN-0068,Vendor Name 68,services,Contact 68,vendor68@supplier.com,555-1068,Net 45,active,11800
VEN-0069,Vendor Name 69,parts,Contact 69,vendor69@supplier.com,555-1069,Net 60,active,11900
VEN-0070,Vendor Name 70,supplies,Contact 70,vendor70@supplier.com,555-1070,Net 75,inactive,12000
VEN-0071,Vendor Name 71,equipment,Contact 71,vendor71@supplier.com,555-1071,Net 90,active,12100
VEN-0072,Vendor Name 72,software,Contact 72,vendor72@supplier.com,555-1072,Net 15,active,12200
VEN-0073,Vendor Name 73,services,Contact 73,vendor73@supplier.com,555-1073,Net 30,active,12300
VEN-0074,Vendor Name 74,parts,Contact 74,vendor74@supplier.com,555-1074,Net 45,active,12400
VEN-0075,Vendor Name 75,supplies,Contact 75,vendor75@supplier.com,555-1075,Net 60,pending_review,12500
VEN-0076,Vendor Name 76,equipment,Contact 76,vendor76@supplier.com,555-1076,Net 75,active,12600
VEN-0077,Vendor Name 77,software,Contact 77,vendor77@supplier.com,555-1077,Net 90,active,12700
VEN-0078,Vendor Name 78,services,Contact 78,vendor78@supplier.com,555-1078,Net 15,active,12800
VEN-0079,Vendor Name 79,parts,Contact 79,vendor79@supplier.com,555-1079,Net 30,active,12900
VEN-0080,Vendor Name 80,supplies,Contact 80,vendor80@supplier.com,555-1080,Net 45,inactive,13000
VEN-0081,Vendor Name 81,equipment,Contact 81,vendor81@supplier.com,555-1081,Net 60,active,13100
VEN-0082,Vendor Name 82,software,Contact 82,vendor82@supplier.com,555-1082,Net 75,active,13200
VEN-0083,Vendor Name 83,services,Contact 83,vendor83@supplier.com,555-1083,Net 90,active,13300
VEN-0084,Vendor Name 84,parts,Contact 84,vendor84@supplier.com,555-1084,Net 15,active,13400
VEN-0085,Vendor Name 85,supplies,Contact 85,vendor85@supplier.com,555-1085,Net 30,active,13500
VEN-0086,Vendor Name 86,equipment,Contact 86,vendor86@supplier.com,555-1086,Net 45,active,13600
VEN-0087,Vendor Name 87,software,Contact 87,vendor87@supplier.com,555-1087,Net 60,active,13700
VEN-0088,Vendor Name 88,services,Contact 88,vendor88@supplier.com,555-1088,Net 75,active,13800
VEN-0089,Vendor Name 89,parts,Contact 89,vendor89@supplier.com,555-1089,Net 90,active,13900
VEN-0090,Vendor Name 90,supplies,Contact 90,vendor90@supplier.com,555-1090,Net 15,inactive,14000
VEN-0091,Vendor Name 91,equipment,Contact 91,vendor91@supplier.com,555-1091,Net 30,active,14100
VEN-0092,Vendor Name 92,software,Contact 92,vendor92@supplier.com,555-1092,Net 45,active,14200
VEN-0093,Vendor Name 93,services,Contact 93,vendor93@supplier.com,555-1093,Net 60,active,14300
VEN-0094,Vendor Name 94,parts,Contact 94,vendor94@supplier.com,555-1094,Net 75,active,14400
VEN-0095,Vendor Name 95,supplies,Contact 95,vendor95@supplier.com,555-1095,Net 90,active,14500
VEN-0096,Vendor Name 96,equipment,Contact 96,vendor96@supplier.com,555-1096,Net 15,active,14600
VEN-0097,Vendor Name 97,software,Contact 97,vendor97@supplier.com,555-1097,Net 30,active,14700
VEN-0098,Vendor Name 98,services,Contact 98,vendor98@supplier.com,555-1098,Net 45,active,14800
VEN-0099,Vendor Name 99,parts,Contact 99,vendor99@supplier.com,555-1099,Net 60,active,14900
VEN-0100,Vendor Name 100,supplies,Contact 100,vendor100@supplier.com,555-1100,Net 75,inactive,15000
VEN-0101,Vendor Name 101,equipment,Contact 101,vendor101@supplier.com,555-1101,Net 90,active,15100
VEN-0102,Vendor Name 102,software,Contact 102,vendor102@supplier.com,555-1102,Net 15,active,15200
VEN-0103,Vendor Name 103,services,Contact 103,vendor103@supplier.com,555-1103,Net 30,active,15300
VEN-0104,Vendor Name 104,parts,Contact 104,vendor104@supplier.com,555-1104,Net 45,active,15400
VEN-0105,Vendor Name 105,supplies,Contact 105,vendor105@supplier.com,555-1105,Net 60,pending_review,15500
VEN-0106,Vendor Name 106,equipment,Contact 106,vendor106@supplier.com,555-1106,Net 75,active,15600
VEN-0107,Vendor Name 107,software,Contact 107,vendor107@supplier.com,555-1107,Net 90,active,15700
VEN-0108,Vendor Name 108,services,Contact 108,vendor108@supplier.com,555-1108,Net 15,active,15800
VEN-0109,Vendor Name 109,parts,Contact 109,vendor109@supplier.com,555-1109,Net 30,active,15900
VEN-0110,Vendor Name 110,supplies,Contact 110,vendor110@supplier.com,555-1110,Net 45,inactive,16000
VEN-0111,Vendor Name 111,equipment,Contact 111,vendor111@supplier.com,555-1111,Net 60,active,16100
VEN-0112,Vendor Name 112,software,Contact 112,vendor112@supplier.com,555-1112,Net 75,active,16200
VEN-0113,Vendor Name 113,services,Contact 113,vendor113@supplier.com,555-1113,Net 90,active,16300
VEN-0114,Vendor Name 114,parts,Contact 114,vendor114@supplier.com,555-1114,Net 15,active,16400
VEN-0115,Vendor Name 115,supplies,Contact 115,vendor115@supplier.com,555-1115,Net 30,active,16500
VEN-0116,Vendor Name 116,equipment,Contact 116,vendor116@supplier.com,555-1116,Net 45,active,16600
VEN-0117,Vendor Name 117,software,Contact 117,vendor117@supplier.com,555-1117,Net 60,active,16700
VEN-0118,Vendor Name 118,services,Contact 118,vendor118@supplier.com,555-1118,Net 75,active,16800
VEN-0119,Vendor Name 119,parts,Contact 119,vendor119@supplier.com,555-1119,Net 90,active,16900
VEN-0120,Vendor Name 120,supplies,Contact 120,vendor120@supplier.com,555-1120,Net 15,inactive,17000
VEN-0121,Vendor Name 121,equipment,Contact 121,vendor121@supplier.com,555-1121,Net 30,active,17100
VEN-0122,Vendor Name 122,software,Contact 122,vendor122@supplier.com,555-1122,Net 45,active,17200
VEN-0123,Vendor Name 123,services,Contact 123,vendor123@supplier.com,555-1123,Net 60,active,17300
VEN-0124,Vendor Name 124,parts,Contact 124,vendor124@supplier.com,555-1124,Net 75,active,17400
VEN-0125,Vendor Name 125,supplies,Contact 125,vendor125@supplier.com,555-1125,Net 90,active,17500
VEN-0126,Vendor Name 126,equipment,Contact 126,vendor126@supplier.com,555-1126,Net 15,active,17600
VEN-0127,Vendor Name 127,software,Contact 127,vendor127@supplier.com,555-1127,Net 30,active,17700
VEN-0128,Vendor Name 128,services,Contact 128,vendor128@supplier.com,555-1128,Net 45,active,17800
VEN-0129,Vendor Name 129,parts,Contact 129,vendor129@supplier.com,555-1129,Net 60,active,17900
VEN-0130,Vendor Name 130,supplies,Contact 130,vendor130@supplier.com,555-1130,Net 75,inactive,18000
VEN-0131,Vendor Name 131,equipment,Contact 131,vendor131@supplier.com,555-1131,Net 90,active,18100
VEN-0132,Vendor Name 132,software,Contact 132,vendor132@supplier.com,555-1132,Net 15,active,18200
VEN-0133,Vendor Name 133,services,Contact 133,vendor133@supplier.com,555-1133,Net 30,active,18300
VEN-0134,Vendor Name 134,parts,Contact 134,vendor134@supplier.com,555-1134,Net 45,active,18400
VEN-0135,Vendor Name 135,supplies,Contact 135,vendor135@supplier.com,555-1135,Net 60,pending_review,18500
VEN-0136,Vendor Name 136,equipment,Contact 136,vendor136@supplier.com,555-1136,Net 75,active,18600
VEN-0137,Vendor Name 137,software,Contact 137,vendor137@supplier.com,555-1137,Net 90,active,18700
VEN-0138,Vendor Name 138,services,Contact 138,vendor138@supplier.com,555-1138,Net 15,active,18800
VEN-0139,Vendor Name 139,parts,Contact 139,vendor139@supplier.com,555-1139,Net 30,active,18900
VEN-0140,Vendor Name 140,supplies,Contact 140,vendor140@supplier.com,555-1140,Net 45,inactive,19000
VEN-0141,Vendor Name 141,equipment,Contact 141,vendor141@supplier.com,555-1141,Net 60,active,19100
VEN-0142,Vendor Name 142,software,Contact 142,vendor142@supplier.com,555-1142,Net 75,active,19200
VEN-0143,Vendor Name 143,services,Contact 143,vendor143@supplier.com,555-1143,Net 90,active,19300
VEN-0144,Vendor Name 144,parts,Contact 144,vendor144@supplier.com,555-1144,Net 15,active,19400
VEN-0145,Vendor Name 145,supplies,Contact 145,vendor145@supplier.com,555-1145,Net 30,active,19500
VEN-0146,Vendor Name 146,equipment,Contact 146,vendor146@supplier.com,555-1146,Net 45,active,19600
VEN-0147,Vendor Name 147,software,Contact 147,vendor147@supplier.com,555-1147,Net 60,active,19700
VEN-0148,Vendor Name 148,services,Contact 148,vendor148@supplier.com,555-1148,Net 75,active,19800
VEN-0149,Vendor Name 149,parts,Contact 149,vendor149@supplier.com,555-1149,Net 90,active,19900
VEN-0150,Vendor Name 150,supplies,Contact 150,vendor150@supplier.com,555-1150,Net 15,inactive,20000
VEN-0151,Vendor Name 151,equipment,Contact 151,vendor151@supplier.com,555-1151,Net 30,active,20100
VEN-0152,Vendor Name 152,software,Contact 152,vendor152@supplier.com,555-1152,Net 45,active,20200
VEN-0153,Vendor Name 153,services,Contact 153,vendor153@supplier.com,555-1153,Net 60,active,20300
VEN-0154,Vendor Name 154,parts,Contact 154,vendor154@supplier.com,555-1154,Net 75,active,20400
VEN-0155,Vendor Name 155,supplies,Contact 155,vendor155@supplier.com,555-1155,Net 90,active,20500
VEN-0156,Vendor Name 156,equipment,Contact 156,vendor156@supplier.com,555-1156,Net 15,active,20600
VEN-0157,Vendor Name 157,software,Contact 157,vendor157@supplier.com,555-1157,Net 30,active,20700
VEN-0158,Vendor Name 158,services,Contact 158,vendor158@supplier.com,555-1158,Net 45,active,20800
VEN-0159,Vendor Name 159,parts,Contact 159,vendor159@supplier.com,555-1159,Net 60,active,20900
VEN-0160,Vendor Name 160,supplies,Contact 160,vendor160@supplier.com,555-1160,Net 75,inactive,21000
VEN-0161,Vendor Name 161,equipment,Contact 161,vendor161@supplier.com,555-1161,Net 90,active,21100
VEN-0162,Vendor Name 162,software,Contact 162,vendor162@supplier.com,555-1162,Net 15,active,21200
VEN-0163,Vendor Name 163,services,Contact 163,vendor163@supplier.com,555-1163,Net 30,active,21300
VEN-0164,Vendor Name 164,parts,Contact 164,vendor164@supplier.com,555-1164,Net 45,active,21400
VEN-0165,Vendor Name 165,supplies,Contact 165,vendor165@supplier.com,555-1165,Net 60,pending_review,21500
VEN-0166,Vendor Name 166,equipment,Contact 166,vendor166@supplier.com,555-1166,Net 75,active,21600
VEN-0167,Vendor Name 167,software,Contact 167,vendor167@supplier.com,555-1167,Net 90,active,21700
VEN-0168,Vendor Name 168,services,Contact 168,vendor168@supplier.com,555-1168,Net 15,active,21800
VEN-0169,Vendor Name 169,parts,Contact 169,vendor169@supplier.com,555-1169,Net 30,active,21900
VEN-0170,Vendor Name 170,supplies,Contact 170,vendor170@supplier.com,555-1170,Net 45,inactive,22000
VEN-0171,Vendor Name 171,equipment,Contact 171,vendor171@supplier.com,555-1171,Net 60,active,22100
VEN-0172,Vendor Name 172,software,Contact 172,vendor172@supplier.com,555-1172,Net 75,active,22200
VEN-0173,Vendor Name 173,services,Contact 173,vendor173@supplier.com,555-1173,Net 90,active,22300
VEN-0174,Vendor Name 174,parts,Contact 174,vendor174@supplier.com,555-1174,Net 15,active,22400
VEN-0175,Vendor Name 175,supplies,Contact 175,vendor175@supplier.com,555-1175,Net 30,active,22500
VEN-0176,Vendor Name 176,equipment,Contact 176,vendor176@supplier.com,555-1176,Net 45,active,22600
VEN-0177,Vendor Name 177,software,Contact 177,vendor177@supplier.com,555-1177,Net 60,active,22700
VEN-0178,Vendor Name 178,services,Contact 178,vendor178@supplier.com,555-1178,Net 75,active,22800
VEN-0179,Vendor Name 179,parts,Contact 179,vendor179@supplier.com,555-1179,Net 90,active,22900
VEN-0180,Vendor Name 180,supplies,Contact 180,vendor180@supplier.com,555-1180,Net 15,inactive,23000
VEN-0181,Vendor Name 181,equipment,Contact 181,vendor181@supplier.com,555-1181,Net 30,active,23100
VEN-0182,Vendor Name 182,software,Contact 182,vendor182@supplier.com,555-1182,Net 45,active,23200
VEN-0183,Vendor Name 183,services,Contact 183,vendor183@supplier.com,555-1183,Net 60,active,23300
VEN-0184,Vendor Name 184,parts,Contact 184,vendor184@supplier.com,555-1184,Net 75,active,23400
VEN-0185,Vendor Name 185,supplies,Contact 185,vendor185@supplier.com,555-1185,Net 90,active,23500
VEN-0186,Vendor Name 186,equipment,Contact 186,vendor186@supplier.com,555-1186,Net 15,active,23600
VEN-0187,Vendor Name 187,software,Contact 187,vendor187@supplier.com,555-1187,Net 30,active,23700
VEN-0188,Vendor Name 188,services,Contact 188,vendor188@supplier.com,555-1188,Net 45,active,23800
VEN-0189,Vendor Name 189,parts,Contact 189,vendor189@supplier.com,555-1189,Net 60,active,23900
VEN-0190,Vendor Name 190,supplies,Contact 190,vendor190@supplier.com,555-1190,Net 75,inactive,24000
VEN-0191,Vendor Name 191,equipment,Contact 191,vendor191@supplier.com,555-1191,Net 90,active,24100
VEN-0192,Vendor Name 192,software,Contact 192,vendor192@supplier.com,555-1192,Net 15,active,24200
VEN-0193,Vendor Name 193,services,Contact 193,vendor193@supplier.com,555-1193,Net 30,active,24300
VEN-0194,Vendor Name 194,parts,Contact 194,vendor194@supplier.com,555-1194,Net 45,active,24400
VEN-0195,Vendor Name 195,supplies,Contact 195,vendor195@supplier.com,555-1195,Net 60,pending_review,24500
VEN-0196,Vendor Name 196,equipment,Contact 196,vendor196@supplier.com,555-1196,Net 75,active,24600
VEN-0197,Vendor Name 197,software,Contact 197,vendor197@supplier.com,555-1197,Net 90,active,24700
VEN-0198,Vendor Name 198,services,Contact 198,vendor198@supplier.com,555-1198,Net 15,active,24800
VEN-0199,Vendor Name 199,parts,Contact 199,vendor199@supplier.com,555-1199,Net 30,active,24900
VEN-0200,Vendor Name 200,supplies,Contact 200,vendor200@supplier.com,555-1200,Net 45,inactive,25000
VEN-0201,Vendor Name 201,equipment,Contact 201,vendor201@supplier.com,555-1201,Net 60,active,25100
VEN-0202,Vendor Name 202,software,Contact 202,vendor202@supplier.com,555-1202,Net 75,active,25200
VEN-0203,Vendor Name 203,services,Contact 203,vendor203@supplier.com,555-1203,Net 90,active,25300
VEN-0204,Vendor Name 204,parts,Contact 204,vendor204@supplier.com,555-1204,Net 15,active,25400
VEN-0205,Vendor Name 205,supplies,Contact 205,vendor205@supplier.com,555-1205,Net 30,active,25500
VEN-0206,Vendor Name 206,equipment,Contact 206,vendor206@supplier.com,555-1206,Net 45,active,25600
VEN-0207,Vendor Name 207,software,Contact 207,vendor207@supplier.com,555-1207,Net 60,active,25700
VEN-0208,Vendor Name 208,services,Contact 208,vendor208@supplier.com,555-1208,Net 75,active,25800
VEN-0209,Vendor Name 209,parts,Contact 209,vendor209@supplier.com,555-1209,Net 90,active,25900
VEN-0210,Vendor Name 210,supplies,Contact 210,vendor210@supplier.com,555-1210,Net 15,inactive,26000
VEN-0211,Vendor Name 211,equipment,Contact 211,vendor211@supplier.com,555-1211,Net 30,active,26100
VEN-0212,Vendor Name 212,software,Contact 212,vendor212@supplier.com,555-1212,Net 45,active,26200
VEN-0213,Vendor Name 213,services,Contact 213,vendor213@supplier.com,555-1213,Net 60,active,26300
VEN-0214,Vendor Name 214,parts,Contact 214,vendor214@supplier.com,555-1214,Net 75,active,26400
VEN-0215,Vendor Name 215,supplies,Contact 215,vendor215@supplier.com,555-1215,Net 90,active,26500
VEN-0216,Vendor Name 216,equipment,Contact 216,vendor216@supplier.com,555-1216,Net 15,active,26600
VEN-0217,Vendor Name 217,software,Contact 217,vendor217@supplier.com,555-1217,Net 30,active,26700
VEN-0218,Vendor Name 218,services,Contact 218,vendor218@supplier.com,555-1218,Net 45,active,26800
VEN-0219,Vendor Name 219,parts,Contact 219,vendor219@supplier.com,555-1219,Net 60,active,26900
VEN-0220,Vendor Name 220,supplies,Contact 220,vendor220@supplier.com,555-1220,Net 75,inactive,27000
VEN-0221,Vendor Name 221,equipment,Contact 221,vendor221@supplier.com,555-1221,Net 90,active,27100
VEN-0222,Vendor Name 222,software,Contact 222,vendor222@supplier.com,555-1222,Net 15,active,27200
VEN-0223,Vendor Name 223,services,Contact 223,vendor223@supplier.com,555-1223,Net 30,active,27300
VEN-0224,Vendor Name 224,parts,Contact 224,vendor224@supplier.com,555-1224,Net 45,active,27400
VEN-0225,Vendor Name 225,supplies,Contact 225,vendor225@supplier.com,555-1225,Net 60,pending_review,27500
VEN-0226,Vendor Name 226,equipment,Contact 226,vendor226@supplier.com,555-1226,Net 75,active,27600
VEN-0227,Vendor Name 227,software,Contact 227,vendor227@supplier.com,555-1227,Net 90,active,27700
VEN-0228,Vendor Name 228,services,Contact 228,vendor228@supplier.com,555-1228,Net 15,active,27800
VEN-0229,Vendor Name 229,parts,Contact 229,vendor229@supplier.com,555-1229,Net 30,active,27900
VEN-0230,Vendor Name 230,supplies,Contact 230,vendor230@supplier.com,555-1230,Net 45,inactive,28000
VEN-0231,Vendor Name 231,equipment,Contact 231,vendor231@supplier.com,555-1231,Net 60,active,28100
VEN-0232,Vendor Name 232,software,Contact 232,vendor232@supplier.com,555-1232,Net 75,active,28200
VEN-0233,Vendor Name 233,services,Contact 233,vendor233@supplier.com,555-1233,Net 90,active,28300
VEN-0234,Vendor Name 234,parts,Contact 234,vendor234@supplier.com,555-1234,Net 15,active,28400
VEN-0235,Vendor Name 235,supplies,Contact 235,vendor235@supplier.com,555-1235,Net 30,active,28500
VEN-0236,Vendor Name 236,equipment,Contact 236,vendor236@supplier.com,555-1236,Net 45,active,28600
VEN-0237,Vendor Name 237,software,Contact 237,vendor237@supplier.com,555-1237,Net 60,active,28700
VEN-0238,Vendor Name 238,services,Contact 238,vendor238@supplier.com,555-1238,Net 75,active,28800
VEN-0239,Vendor Name 239,parts,Contact 239,vendor239@supplier.com,555-1239,Net 90,active,28900
VEN-0240,Vendor Name 240,supplies,Contact 240,vendor240@supplier.com,555-1240,Net 15,inactive,29000
VEN-0241,Vendor Name 241,equipment,Contact 241,vendor241@supplier.com,555-1241,Net 30,active,29100
VEN-0242,Vendor Name 242,software,Contact 242,vendor242@supplier.com,555-1242,Net 45,active,29200
VEN-0243,Vendor Name 243,services,Contact 243,vendor243@supplier.com,555-1243,Net 60,active,29300
VEN-0244,Vendor Name 244,parts,Contact 244,vendor244@supplier.com,555-1244,Net 75,active,29400
VEN-0245,Vendor Name 245,supplies,Contact 245,vendor245@supplier.com,555-1245,Net 90,active,29500
VEN-0246,Vendor Name 246,equipment,Contact 246,vendor246@supplier.com,555-1246,Net 15,active,29600
VEN-0247,Vendor Name 247,software,Contact 247,vendor247@supplier.com,555-1247,Net 30,active,29700
VEN-0248,Vendor Name 248,services,Contact 248,vendor248@supplier.com,555-1248,Net 45,active,29800
VEN-0249,Vendor Name 249,parts,Contact 249,vendor249@supplier.com,555-1249,Net 60,active,29900
VEN-0250,Vendor Name 250,supplies,Contact 250,vendor250@supplier.com,555-1250,Net 75,inactive,30000
VEN-0251,Vendor Name 251,equipment,Contact 251,vendor251@supplier.com,555-1251,Net 90,active,30100
VEN-0252,Vendor Name 252,software,Contact 252,vendor252@supplier.com,555-1252,Net 15,active,30200
VEN-0253,Vendor Name 253,services,Contact 253,vendor253@supplier.com,555-1253,Net 30,active,30300
VEN-0254,Vendor Name 254,parts,Contact 254,vendor254@supplier.com,555-1254,Net 45,active,30400
VEN-0255,Vendor Name 255,supplies,Contact 255,vendor255@supplier.com,555-1255,Net 60,pending_review,30500
VEN-0256,Vendor Name 256,equipment,Contact 256,vendor256@supplier.com,555-1256,Net 75,active,30600
VEN-0257,Vendor Name 257,software,Contact 257,vendor257@supplier.com,555-1257,Net 90,active,30700
VEN-0258,Vendor Name 258,services,Contact 258,vendor258@supplier.com,555-1258,Net 15,active,30800
VEN-0259,Vendor Name 259,parts,Contact 259,vendor259@supplier.com,555-1259,Net 30,active,30900
VEN-0260,Vendor Name 260,supplies,Contact 260,vendor260@supplier.com,555-1260,Net 45,inactive,31000
VEN-0261,Vendor Name 261,equipment,Contact 261,vendor261@supplier.com,555-1261,Net 60,active,31100
VEN-0262,Vendor Name 262,software,Contact 262,vendor262@supplier.com,555-1262,Net 75,active,31200
VEN-0263,Vendor Name 263,services,Contact 263,vendor263@supplier.com,555-1263,Net 90,active,31300
VEN-0264,Vendor Name 264,parts,Contact 264,vendor264@supplier.com,555-1264,Net 15,active,31400
VEN-0265,Vendor Name 265,supplies,Contact 265,vendor265@supplier.com,555-1265,Net 30,active,31500
VEN-0266,Vendor Name 266,equipment,Contact 266,vendor266@supplier.com,555-1266,Net 45,active,31600
VEN-0267,Vendor Name 267,software,Contact 267,vendor267@supplier.com,555-1267,Net 60,active,31700
VEN-0268,Vendor Name 268,services,Contact 268,vendor268@supplier.com,555-1268,Net 75,active,31800
VEN-0269,Vendor Name 269,parts,Contact 269,vendor269@supplier.com,555-1269,Net 90,active,31900
VEN-0270,Vendor Name 270,supplies,Contact 270,vendor270@supplier.com,555-1270,Net 15,inactive,32000
VEN-0271,Vendor Name 271,equipment,Contact 271,vendor271@supplier.com,555-1271,Net 30,active,32100
VEN-0272,Vendor Name 272,software,Contact 272,vendor272@supplier.com,555-1272,Net 45,active,32200
VEN-0273,Vendor Name 273,services,Contact 273,vendor273@supplier.com,555-1273,Net 60,active,32300
VEN-0274,Vendor Name 274,parts,Contact 274,vendor274@supplier.com,555-1274,Net 75,active,32400
VEN-0275,Vendor Name 275,supplies,Contact 275,vendor275@supplier.com,555-1275,Net 90,active,32500
VEN-0276,Vendor Name 276,equipment,Contact 276,vendor276@supplier.com,555-1276,Net 15,active,32600
VEN-0277,Vendor Name 277,software,Contact 277,vendor277@supplier.com,555-1277,Net 30,active,32700
VEN-0278,Vendor Name 278,services,Contact 278,vendor278@supplier.com,555-1278,Net 45,active,32800
VEN-0279,Vendor Name 279,parts,Contact 279,vendor279@supplier.com,555-1279,Net 60,active,32900
VEN-0280,Vendor Name 280,supplies,Contact 280,vendor280@supplier.com,555-1280,Net 75,inactive,33000
VEN-0281,Vendor Name 281,equipment,Contact 281,vendor281@supplier.com,555-1281,Net 90,active,33100
VEN-0282,Vendor Name 282,software,Contact 282,vendor282@supplier.com,555-1282,Net 15,active,33200
VEN-0283,Vendor Name 283,services,Contact 283,vendor283@supplier.com,555-1283,Net 30,active,33300
VEN-0284,Vendor Name 284,parts,Contact 284,vendor284@supplier.com,555-1284,Net 45,active,33400
VEN-0285,Vendor Name 285,supplies,Contact 285,vendor285@supplier.com,555-1285,Net 60,pending_review,33500
VEN-0286,Vendor Name 286,equipment,Contact 286,vendor286@supplier.com,555-1286,Net 75,active,33600
VEN-0287,Vendor Name 287,software,Contact 287,vendor287@supplier.com,555-1287,Net 90,active,33700
VEN-0288,Vendor Name 288,services,Contact 288,vendor288@supplier.com,555-1288,Net 15,active,33800
VEN-0289,Vendor Name 289,parts,Contact 289,vendor289@supplier.com,555-1289,Net 30,active,33900
VEN-0290,Vendor Name 290,supplies,Contact 290,vendor290@supplier.com,555-1290,Net 45,inactive,34000
VEN-0291,Vendor Name 291,equipment,Contact 291,vendor291@supplier.com,555-1291,Net 60,active,34100
VEN-0292,Vendor Name 292,software,Contact 292,vendor292@supplier.com,555-1292,Net 75,active,34200
VEN-0293,Vendor Name 293,services,Contact 293,vendor293@supplier.com,555-1293,Net 90,active,34300
VEN-0294,Vendor Name 294,parts,Contact 294,vendor294@supplier.com,555-1294,Net 15,active,34400
VEN-0295,Vendor Name 295,supplies,Contact 295,vendor295@supplier.com,555-1295,Net 30,active,34500
VEN-0296,Vendor Name 296,equipment,Contact 296,vendor296@supplier.com,555-1296,Net 45,active,34600
VEN-0297,Vendor Name 297,software,Contact 297,vendor297@supplier.com,555-1297,Net 60,active,34700
VEN-0298,Vendor Name 298,services,Contact 298,vendor298@supplier.com,555-1298,Net 75,active,34800
VEN-0299,Vendor Name 299,parts,Contact 299,vendor299@supplier.com,555-1299,Net 90,active,34900
VEN-0300,Vendor Name 300,supplies,Contact 300,vendor300@supplier.com,555-1300,Net 15,inactive,35000
VEN-0301,Vendor Name 301,equipment,Contact 301,vendor301@supplier.com,555-1301,Net 30,active,35100
VEN-0302,Vendor Name 302,software,Contact 302,vendor302@supplier.com,555-1302,Net 45,active,35200
VEN-0303,Vendor Name 303,services,Contact 303,vendor303@supplier.com,555-1303,Net 60,active,35300
VEN-0304,Vendor Name 304,parts,Contact 304,vendor304@supplier.com,555-1304,Net 75,active,35400
VEN-0305,Vendor Name 305,supplies,Contact 305,vendor305@supplier.com,555-1305,Net 90,active,35500
VEN-0306,Vendor Name 306,equipment,Contact 306,vendor306@supplier.com,555-1306,Net 15,active,35600
VEN-0307,Vendor Name 307,software,Contact 307,vendor307@supplier.com,555-1307,Net 30,active,35700
VEN-0308,Vendor Name 308,services,Contact 308,vendor308@supplier.com,555-1308,Net 45,active,35800
VEN-0309,Vendor Name 309,parts,Contact 309,vendor309@supplier.com,555-1309,Net 60,active,35900
VEN-0310,Vendor Name 310,supplies,Contact 310,vendor310@supplier.com,555-1310,Net 75,inactive,36000
VEN-0311,Vendor Name 311,equipment,Contact 311,vendor311@supplier.com,555-1311,Net 90,active,36100
VEN-0312,Vendor Name 312,software,Contact 312,vendor312@supplier.com,555-1312,Net 15,active,36200
VEN-0313,Vendor Name 313,services,Contact 313,vendor313@supplier.com,555-1313,Net 30,active,36300
VEN-0314,Vendor Name 314,parts,Contact 314,vendor314@supplier.com,555-1314,Net 45,active,36400
VEN-0315,Vendor Name 315,supplies,Contact 315,vendor315@supplier.com,555-1315,Net 60,pending_review,36500
VEN-0316,Vendor Name 316,equipment,Contact 316,vendor316@supplier.com,555-1316,Net 75,active,36600
VEN-0317,Vendor Name 317,software,Contact 317,vendor317@supplier.com,555-1317,Net 90,active,36700
VEN-0318,Vendor Name 318,services,Contact 318,vendor318@supplier.com,555-1318,Net 15,active,36800
VEN-0319,Vendor Name 319,parts,Contact 319,vendor319@supplier.com,555-1319,Net 30,active,36900
VEN-0320,Vendor Name 320,supplies,Contact 320,vendor320@supplier.com,555-1320,Net 45,inactive,37000
VEN-0321,Vendor Name 321,equipment,Contact 321,vendor321@supplier.com,555-1321,Net 60,active,37100
VEN-0322,Vendor Name 322,software,Contact 322,vendor322@supplier.com,555-1322,Net 75,active,37200
VEN-0323,Vendor Name 323,services,Contact 323,vendor323@supplier.com,555-1323,Net 90,active,37300
VEN-0324,Vendor Name 324,parts,Contact 324,vendor324@supplier.com,555-1324,Net 15,active,37400
VEN-0325,Vendor Name 325,supplies,Contact 325,vendor325@supplier.com,555-1325,Net 30,active,37500
VEN-0326,Vendor Name 326,equipment,Contact 326,vendor326@supplier.com,555-1326,Net 45,active,37600
VEN-0327,Vendor Name 327,software,Contact 327,vendor327@supplier.com,555-1327,Net 60,active,37700
VEN-0328,Vendor Name 328,services,Contact 328,vendor328@supplier.com,555-1328,Net 75,active,37800
VEN-0329,Vendor Name 329,parts,Contact 329,vendor329@supplier.com,555-1329,Net 90,active,37900
VEN-0330,Vendor Name 330,supplies,Contact 330,vendor330@supplier.com,555-1330,Net 15,inactive,38000
VEN-0331,Vendor Name 331,equipment,Contact 331,vendor331@supplier.com,555-1331,Net 30,active,38100
VEN-0332,Vendor Name 332,software,Contact 332,vendor332@supplier.com,555-1332,Net 45,active,38200
VEN-0333,Vendor Name 333,services,Contact 333,vendor333@supplier.com,555-1333,Net 60,active,38300
VEN-0334,Vendor Name 334,parts,Contact 334,vendor334@supplier.com,555-1334,Net 75,active,38400
VEN-0335,Vendor Name 335,supplies,Contact 335,vendor335@supplier.com,555-1335,Net 90,active,38500
VEN-0336,Vendor Name 336,equipment,Contact 336,vendor336@supplier.com,555-1336,Net 15,active,38600
VEN-0337,Vendor Name 337,software,Contact 337,vendor337@supplier.com,555-1337,Net 30,active,38700
VEN-0338,Vendor Name 338,services,Contact 338,vendor338@supplier.com,555-1338,Net 45,active,38800
VEN-0339,Vendor Name 339,parts,Contact 339,vendor339@supplier.com,555-1339,Net 60,active,38900
VEN-0340,Vendor Name 340,supplies,Contact 340,vendor340@supplier.com,555-1340,Net 75,inactive,39000
VEN-0341,Vendor Name 341,equipment,Contact 341,vendor341@supplier.com,555-1341,Net 90,active,39100
VEN-0342,Vendor Name 342,software,Contact 342,vendor342@supplier.com,555-1342,Net 15,active,39200
VEN-0343,Vendor Name 343,services,Contact 343,vendor343@supplier.com,555-1343,Net 30,active,39300
VEN-0344,Vendor Name 344,parts,Contact 344,vendor344@supplier.com,555-1344,Net 45,active,39400
VEN-0345,Vendor Name 345,supplies,Contact 345,vendor345@supplier.com,555-1345,Net 60,pending_review,39500
VEN-0346,Vendor Name 346,equipment,Contact 346,vendor346@supplier.com,555-1346,Net 75,active,39600
VEN-0347,Vendor Name 347,software,Contact 347,vendor347@supplier.com,555-1347,Net 90,active,39700
VEN-0348,Vendor Name 348,services,Contact 348,vendor348@supplier.com,555-1348,Net 15,active,39800
VEN-0349,Vendor Name 349,parts,Contact 349,vendor349@supplier.com,555-1349,Net 30,active,39900
VEN-0350,Vendor Name 350,supplies,Contact 350,vendor350@supplier.com,555-1350,Net 45,inactive,40000
VEN-0351,Vendor Name 351,equipment,Contact 351,vendor351@supplier.com,555-1351,Net 60,active,40100
VEN-0352,Vendor Name 352,software,Contact 352,vendor352@supplier.com,555-1352,Net 75,active,40200
VEN-0353,Vendor Name 353,services,Contact 353,vendor353@supplier.com,555-1353,Net 90,active,40300
VEN-0354,Vendor Name 354,parts,Contact 354,vendor354@supplier.com,555-1354,Net 15,active,40400
VEN-0355,Vendor Name 355,supplies,Contact 355,vendor355@supplier.com,555-1355,Net 30,active,40500
VEN-0356,Vendor Name 356,equipment,Contact 356,vendor356@supplier.com,555-1356,Net 45,active,40600
VEN-0357,Vendor Name 357,software,Contact 357,vendor357@supplier.com,555-1357,Net 60,active,40700
VEN-0358,Vendor Name 358,services,Contact 358,vendor358@supplier.com,555-1358,Net 75,active,40800
VEN-0359,Vendor Name 359,parts,Contact 359,vendor359@supplier.com,555-1359,Net 90,active,40900
VEN-0360,Vendor Name 360,supplies,Contact 360,vendor360@supplier.com,555-1360,Net 15,inactive,41000
VEN-0361,Vendor Name 361,equipment,Contact 361,vendor361@supplier.com,555-1361,Net 30,active,41100
VEN-0362,Vendor Name 362,software,Contact 362,vendor362@supplier.com,555-1362,Net 45,active,41200
VEN-0363,Vendor Name 363,services,Contact 363,vendor363@supplier.com,555-1363,Net 60,active,41300
VEN-0364,Vendor Name 364,parts,Contact 364,vendor364@supplier.com,555-1364,Net 75,active,41400
VEN-0365,Vendor Name 365,supplies,Contact 365,vendor365@supplier.com,555-1365,Net 90,active,41500
VEN-0366,Vendor Name 366,equipment,Contact 366,vendor366@supplier.com,555-1366,Net 15,active,41600
VEN-0367,Vendor Name 367,software,Contact 367,vendor367@supplier.com,555-1367,Net 30,active,41700
VEN-0368,Vendor Name 368,services,Contact 368,vendor368@supplier.com,555-1368,Net 45,active,41800
VEN-0369,Vendor Name 369,parts,Contact 369,vendor369@supplier.com,555-1369,Net 60,active,41900
VEN-0370,Vendor Name 370,supplies,Contact 370,vendor370@supplier.com,555-1370,Net 75,inactive,42000
VEN-0371,Vendor Name 371,equipment,Contact 371,vendor371@supplier.com,555-1371,Net 90,active,42100
VEN-0372,Vendor Name 372,software,Contact 372,vendor372@supplier.com,555-1372,Net 15,active,42200
VEN-0373,Vendor Name 373,services,Contact 373,vendor373@supplier.com,555-1373,Net 30,active,42300
VEN-0374,Vendor Name 374,parts,Contact 374,vendor374@supplier.com,555-1374,Net 45,active,42400
VEN-0375,Vendor Name 375,supplies,Contact 375,vendor375@supplier.com,555-1375,Net 60,pending_review,42500
VEN-0376,Vendor Name 376,equipment,Contact 376,vendor376@supplier.com,555-1376,Net 75,active,42600
VEN-0377,Vendor Name 377,software,Contact 377,vendor377@supplier.com,555-1377,Net 90,active,42700
VEN-0378,Vendor Name 378,services,Contact 378,vendor378@supplier.com,555-1378,Net 15,active,42800
VEN-0379,Vendor Name 379,parts,Contact 379,vendor379@supplier.com,555-1379,Net 30,active,42900
VEN-0380,Vendor Name 380,supplies,Contact 380,vendor380@supplier.com,555-1380,Net 45,inactive,43000
VEN-0381,Vendor Name 381,equipment,Contact 381,vendor381@supplier.com,555-1381,Net 60,active,43100
VEN-0382,Vendor Name 382,software,Contact 382,vendor382@supplier.com,555-1382,Net 75,active,43200
VEN-0383,Vendor Name 383,services,Contact 383,vendor383@supplier.com,555-1383,Net 90,active,43300
VEN-0384,Vendor Name 384,parts,Contact 384,vendor384@supplier.com,555-1384,Net 15,active,43400
VEN-0385,Vendor Name 385,supplies,Contact 385,vendor385@supplier.com,555-1385,Net 30,active,43500
VEN-0386,Vendor Name 386,equipment,Contact 386,vendor386@supplier.com,555-1386,Net 45,active,43600
VEN-0387,Vendor Name 387,software,Contact 387,vendor387@supplier.com,555-1387,Net 60,active,43700
VEN-0388,Vendor Name 388,services,Contact 388,vendor388@supplier.com,555-1388,Net 75,active,43800
VEN-0389,Vendor Name 389,parts,Contact 389,vendor389@supplier.com,555-1389,Net 90,active,43900
VEN-0390,Vendor Name 390,supplies,Contact 390,vendor390@supplier.com,555-1390,Net 15,inactive,44000
VEN-0391,Vendor Name 391,equipment,Contact 391,vendor391@supplier.com,555-1391,Net 30,active,44100
VEN-0392,Vendor Name 392,software,Contact 392,vendor392@supplier.com,555-1392,Net 45,active,44200
VEN-0393,Vendor Name 393,services,Contact 393,vendor393@supplier.com,555-1393,Net 60,active,44300
VEN-0394,Vendor Name 394,parts,Contact 394,vendor394@supplier.com,555-1394,Net 75,active,44400
VEN-0395,Vendor Name 395,supplies,Contact 395,vendor395@supplier.com,555-1395,Net 90,active,44500
VEN-0396,Vendor Name 396,equipment,Contact 396,vendor396@supplier.com,555-1396,Net 15,active,44600
VEN-0397,Vendor Name 397,software,Contact 397,vendor397@supplier.com,555-1397,Net 30,active,44700
VEN-0398,Vendor Name 398,services,Contact 398,vendor398@supplier.com,555-1398,Net 45,active,44800
VEN-0399,Vendor Name 399,parts,Contact 399,vendor399@supplier.com,555-1399,Net 60,active,44900
VEN-0400,Vendor Name 400,supplies,Contact 400,vendor400@supplier.com,555-1400,Net 75,inactive,45000
VEN-0401,Vendor Name 401,equipment,Contact 401,vendor401@supplier.com,555-1401,Net 90,active,45100
VEN-0402,Vendor Name 402,software,Contact 402,vendor402@supplier.com,555-1402,Net 15,active,45200
VEN-0403,Vendor Name 403,services,Contact 403,vendor403@supplier.com,555-1403,Net 30,active,45300
VEN-0404,Vendor Name 404,parts,Contact 404,vendor404@supplier.com,555-1404,Net 45,active,45400
VEN-0405,Vendor Name 405,supplies,Contact 405,vendor405@supplier.com,555-1405,Net 60,pending_review,45500
VEN-0406,Vendor Name 406,equipment,Contact 406,vendor406@supplier.com,555-1406,Net 75,active,45600
VEN-0407,Vendor Name 407,software,Contact 407,vendor407@supplier.com,555-1407,Net 90,active,45700
VEN-0408,Vendor Name 408,services,Contact 408,vendor408@supplier.com,555-1408,Net 15,active,45800
VEN-0409,Vendor Name 409,parts,Contact 409,vendor409@supplier.com,555-1409,Net 30,active,45900
VEN-0410,Vendor Name 410,supplies,Contact 410,vendor410@supplier.com,555-1410,Net 45,inactive,46000
VEN-0411,Vendor Name 411,equipment,Contact 411,vendor411@supplier.com,555-1411,Net 60,active,46100
VEN-0412,Vendor Name 412,software,Contact 412,vendor412@supplier.com,555-1412,Net 75,active,46200
VEN-0413,Vendor Name 413,services,Contact 413,vendor413@supplier.com,555-1413,Net 90,active,46300
VEN-0414,Vendor Name 414,parts,Contact 414,vendor414@supplier.com,555-1414,Net 15,active,46400
VEN-0415,Vendor Name 415,supplies,Contact 415,vendor415@supplier.com,555-1415,Net 30,active,46500
VEN-0416,Vendor Name 416,equipment,Contact 416,vendor416@supplier.com,555-1416,Net 45,active,46600
VEN-0417,Vendor Name 417,software,Contact 417,vendor417@supplier.com,555-1417,Net 60,active,46700
VEN-0418,Vendor Name 418,services,Contact 418,vendor418@supplier.com,555-1418,Net 75,active,46800
VEN-0419,Vendor Name 419,parts,Contact 419,vendor419@supplier.com,555-1419,Net 90,active,46900
VEN-0420,Vendor Name 420,supplies,Contact 420,vendor420@supplier.com,555-1420,Net 15,inactive,47000
VEN-0421,Vendor Name 421,equipment,Contact 421,vendor421@supplier.com,555-1421,Net 30,active,47100
VEN-0422,Vendor Name 422,software,Contact 422,vendor422@supplier.com,555-1422,Net 45,active,47200
VEN-0423,Vendor Name 423,services,Contact 423,vendor423@supplier.com,555-1423,Net 60,active,47300
VEN-0424,Vendor Name 424,parts,Contact 424,vendor424@supplier.com,555-1424,Net 75,active,47400
VEN-0425,Vendor Name 425,supplies,Contact 425,vendor425@supplier.com,555-1425,Net 90,active,47500
VEN-0426,Vendor Name 426,equipment,Contact 426,vendor426@supplier.com,555-1426,Net 15,active,47600
VEN-0427,Vendor Name 427,software,Contact 427,vendor427@supplier.com,555-1427,Net 30,active,47700
VEN-0428,Vendor Name 428,services,Contact 428,vendor428@supplier.com,555-1428,Net 45,active,47800
VEN-0429,Vendor Name 429,parts,Contact 429,vendor429@supplier.com,555-1429,Net 60,active,47900
VEN-0430,Vendor Name 430,supplies,Contact 430,vendor430@supplier.com,555-1430,Net 75,inactive,48000
VEN-0431,Vendor Name 431,equipment,Contact 431,vendor431@supplier.com,555-1431,Net 90,active,48100
VEN-0432,Vendor Name 432,software,Contact 432,vendor432@supplier.com,555-1432,Net 15,active,48200
VEN-0433,Vendor Name 433,services,Contact 433,vendor433@supplier.com,555-1433,Net 30,active,48300
VEN-0434,Vendor Name 434,parts,Contact 434,vendor434@supplier.com,555-1434,Net 45,active,48400
VEN-0435,Vendor Name 435,supplies,Contact 435,vendor435@supplier.com,555-1435,Net 60,pending_review,48500
VEN-0436,Vendor Name 436,equipment,Contact 436,vendor436@supplier.com,555-1436,Net 75,active,48600
VEN-0437,Vendor Name 437,software,Contact 437,vendor437@supplier.com,555-1437,Net 90,active,48700
VEN-0438,Vendor Name 438,services,Contact 438,vendor438@supplier.com,555-1438,Net 15,active,48800
VEN-0439,Vendor Name 439,parts,Contact 439,vendor439@supplier.com,555-1439,Net 30,active,48900
VEN-0440,Vendor Name 440,supplies,Contact 440,vendor440@supplier.com,555-1440,Net 45,inactive,49000
VEN-0441,Vendor Name 441,equipment,Contact 441,vendor441@supplier.com,555-1441,Net 60,active,49100
VEN-0442,Vendor Name 442,software,Contact 442,vendor442@supplier.com,555-1442,Net 75,active,49200
VEN-0443,Vendor Name 443,services,Contact 443,vendor443@supplier.com,555-1443,Net 90,active,49300
VEN-0444,Vendor Name 444,parts,Contact 444,vendor444@supplier.com,555-1444,Net 15,active,49400
VEN-0445,Vendor Name 445,supplies,Contact 445,vendor445@supplier.com,555-1445,Net 30,active,49500
VEN-0446,Vendor Name 446,equipment,Contact 446,vendor446@supplier.com,555-1446,Net 45,active,49600
VEN-0447,Vendor Name 447,software,Contact 447,vendor447@supplier.com,555-1447,Net 60,active,49700
VEN-0448,Vendor Name 448,services,Contact 448,vendor448@supplier.com,555-1448,Net 75,active,49800
VEN-0449,Vendor Name 449,parts,Contact 449,vendor449@supplier.com,555-1449,Net 90,active,49900
VEN-0450,Vendor Name 450,supplies,Contact 450,vendor450@supplier.com,555-1450,Net 15,inactive,50000
VEN-0451,Vendor Name 451,equipment,Contact 451,vendor451@supplier.com,555-1451,Net 30,active,50100
VEN-0452,Vendor Name 452,software,Contact 452,vendor452@supplier.com,555-1452,Net 45,active,50200
VEN-0453,Vendor Name 453,services,Contact 453,vendor453@supplier.com,555-1453,Net 60,active,50300
VEN-0454,Vendor Name 454,parts,Contact 454,vendor454@supplier.com,555-1454,Net 75,active,50400
VEN-0455,Vendor Name 455,supplies,Contact 455,vendor455@supplier.com,555-1455,Net 90,active,50500
VEN-0456,Vendor Name 456,equipment,Contact 456,vendor456@supplier.com,555-1456,Net 15,active,50600
VEN-0457,Vendor Name 457,software,Contact 457,vendor457@supplier.com,555-1457,Net 30,active,50700
VEN-0458,Vendor Name 458,services,Contact 458,vendor458@supplier.com,555-1458,Net 45,active,50800
VEN-0459,Vendor Name 459,parts,Contact 459,vendor459@supplier.com,555-1459,Net 60,active,50900
VEN-0460,Vendor Name 460,supplies,Contact 460,vendor460@supplier.com,555-1460,Net 75,inactive,51000
VEN-0461,Vendor Name 461,equipment,Contact 461,vendor461@supplier.com,555-1461,Net 90,active,51100
VEN-0462,Vendor Name 462,software,Contact 462,vendor462@supplier.com,555-1462,Net 15,active,51200
VEN-0463,Vendor Name 463,services,Contact 463,vendor463@supplier.com,555-1463,Net 30,active,51300
VEN-0464,Vendor Name 464,parts,Contact 464,vendor464@supplier.com,555-1464,Net 45,active,51400
VEN-0465,Vendor Name 465,supplies,Contact 465,vendor465@supplier.com,555-1465,Net 60,pending_review,51500
VEN-0466,Vendor Name 466,equipment,Contact 466,vendor466@supplier.com,555-1466,Net 75,active,51600
VEN-0467,Vendor Name 467,software,Contact 467,vendor467@supplier.com,555-1467,Net 90,active,51700
VEN-0468,Vendor Name 468,services,Contact 468,vendor468@supplier.com,555-1468,Net 15,active,51800
VEN-0469,Vendor Name 469,parts,Contact 469,vendor469@supplier.com,555-1469,Net 30,active,51900
VEN-0470,Vendor Name 470,supplies,Contact 470,vendor470@supplier.com,555-1470,Net 45,inactive,52000
VEN-0471,Vendor Name 471,equipment,Contact 471,vendor471@supplier.com,555-1471,Net 60,active,52100
VEN-0472,Vendor Name 472,software,Contact 472,vendor472@supplier.com,555-1472,Net 75,active,52200
VEN-0473,Vendor Name 473,services,Contact 473,vendor473@supplier.com,555-1473,Net 90,active,52300
VEN-0474,Vendor Name 474,parts,Contact 474,vendor474@supplier.com,555-1474,Net 15,active,52400
VEN-0475,Vendor Name 475,supplies,Contact 475,vendor475@supplier.com,555-1475,Net 30,active,52500
VEN-0476,Vendor Name 476,equipment,Contact 476,vendor476@supplier.com,555-1476,Net 45,active,52600
VEN-0477,Vendor Name 477,software,Contact 477,vendor477@supplier.com,555-1477,Net 60,active,52700
VEN-0478,Vendor Name 478,services,Contact 478,vendor478@supplier.com,555-1478,Net 75,active,52800
VEN-0479,Vendor Name 479,parts,Contact 479,vendor479@supplier.com,555-1479,Net 90,active,52900
VEN-0480,Vendor Name 480,supplies,Contact 480,vendor480@supplier.com,555-1480,Net 15,inactive,53000
VEN-0481,Vendor Name 481,equipment,Contact 481,vendor481@supplier.com,555-1481,Net 30,active,53100
VEN-0482,Vendor Name 482,software,Contact 482,vendor482@supplier.com,555-1482,Net 45,active,53200
VEN-0483,Vendor Name 483,services,Contact 483,vendor483@supplier.com,555-1483,Net 60,active,53300
VEN-0484,Vendor Name 484,parts,Contact 484,vendor484@supplier.com,555-1484,Net 75,active,53400
VEN-0485,Vendor Name 485,supplies,Contact 485,vendor485@supplier.com,555-1485,Net 90,active,53500
VEN-0486,Vendor Name 486,equipment,Contact 486,vendor486@supplier.com,555-1486,Net 15,active,53600
VEN-0487,Vendor Name 487,software,Contact 487,vendor487@supplier.com,555-1487,Net 30,active,53700
VEN-0488,Vendor Name 488,services,Contact 488,vendor488@supplier.com,555-1488,Net 45,active,53800
VEN-0489,Vendor Name 489,parts,Contact 489,vendor489@supplier.com,555-1489,Net 60,active,53900
VEN-0490,Vendor Name 490,supplies,Contact 490,vendor490@supplier.com,555-1490,Net 75,inactive,54000
VEN-0491,Vendor Name 491,equipment,Contact 491,vendor491@supplier.com,555-1491,Net 90,active,54100
VEN-0492,Vendor Name 492,software,Contact 492,vendor492@supplier.com,555-1492,Net 15,active,54200
VEN-0493,Vendor Name 493,services,Contact 493,vendor493@supplier.com,555-1493,Net 30,active,54300
VEN-0494,Vendor Name 494,parts,Contact 494,vendor494@supplier.com,555-1494,Net 45,active,54400
VEN-0495,Vendor Name 495,supplies,Contact 495,vendor495@supplier.com,555-1495,Net 60,pending_review,54500
VEN-0496,Vendor Name 496,equipment,Contact 496,vendor496@supplier.com,555-1496,Net 75,active,54600
VEN-0497,Vendor Name 497,software,Contact 497,vendor497@supplier.com,555-1497,Net 90,active,54700
VEN-0498,Vendor Name 498,services,Contact 498,vendor498@supplier.com,555-1498,Net 15,active,54800
VEN-0499,Vendor Name 499,parts,Contact 499,vendor499@supplier.com,555-1499,Net 30,active,54900
VEN-0500,Vendor Name 500,supplies,Contact 500,vendor500@supplier.com,555-1500,Net 45,inactive,55000
